-- phpMyAdmin SQL Dump
-- version 4.8.5
-- https://www.phpmyadmin.net/
--
-- Host: 127.0.0.1
-- Generation Time: Mar 03, 2020 at 06:53 AM
-- Server version: 10.1.40-MariaDB
-- PHP Version: 7.1.29

SET SQL_MODE = "NO_AUTO_VALUE_ON_ZERO";
SET AUTOCOMMIT = 0;
START TRANSACTION;
SET time_zone = "+00:00";


/*!40101 SET @OLD_CHARACTER_SET_CLIENT=@@CHARACTER_SET_CLIENT */;
/*!40101 SET @OLD_CHARACTER_SET_RESULTS=@@CHARACTER_SET_RESULTS */;
/*!40101 SET @OLD_COLLATION_CONNECTION=@@COLLATION_CONNECTION */;
/*!40101 SET NAMES utf8mb4 */;

--
-- Database: `signaturekitchen`
--

-- --------------------------------------------------------

--
-- Table structure for table `bill_quantity_setup`
--

CREATE TABLE `bill_quantity_setup` (
  `id` int(11) NOT NULL,
  `project_name` varchar(255) NOT NULL,
  `project_code` varchar(255) NOT NULL,
  `type` varchar(255) NOT NULL,
  `type_quantity` varchar(255) NOT NULL,
  `remarks` varchar(255) NOT NULL,
  `create_by` varchar(255) NOT NULL,
  `create_date` datetime NOT NULL,
  `update_by` varchar(255) NOT NULL,
  `update_date` datetime NOT NULL
) ENGINE=InnoDB DEFAULT CHARSET=utf8;

-- --------------------------------------------------------

--
-- Table structure for table `building_graph`
--

CREATE TABLE `building_graph` (
  `id` int(255) NOT NULL,
  `project_id` int(255) NOT NULL COMMENT 'tbl project_setup id',
  `project_completion_id` int(255) NOT NULL COMMENT 'tbl project_completion id',
  `project_name` varchar(255) NOT NULL,
  `project_code` varchar(255) NOT NULL,
  `block_name` varchar(255) NOT NULL,
  `total_assign_unit` varchar(255) NOT NULL,
  `total_branch` varchar(255) NOT NULL,
  `graph_revision` varchar(255) NOT NULL,
  `create_by` varchar(255) NOT NULL,
  `create_date` datetime NOT NULL,
  `update_by` varchar(255) NOT NULL,
  `update_date` datetime NOT NULL
) ENGINE=InnoDB DEFAULT CHARSET=utf8;

--
-- Dumping data for table `building_graph`
--

INSERT INTO `building_graph` (`id`, `project_id`, `project_completion_id`, `project_name`, `project_code`, `block_name`, `total_assign_unit`, `total_branch`, `graph_revision`, `create_by`, `create_date`, `update_by`, `update_date`) VALUES
(1, 6, 19, 'Apartment Qiqi', 'C', 'A', '', '', '', 'admin', '2019-01-18 05:24:32', 'admin', '2019-01-18 09:44:51'),
(2, 3, 13, 'Bangunan Al Azhar', 'B', 'C', '4', '5', '6', 'admin', '2019-01-18 08:30:04', 'admin', '2019-01-18 08:30:04');

-- --------------------------------------------------------

--
-- Table structure for table `building_graph_setting`
--

CREATE TABLE `building_graph_setting` (
  `id` int(255) NOT NULL,
  `project_id` int(255) NOT NULL COMMENT 'tbl project_setup id',
  `project_completion_id` int(255) NOT NULL COMMENT 'tbl project_completion id',
  `building_graph_id` int(11) NOT NULL COMMENT 'tbl building_graph _id',
  `level` int(255) NOT NULL COMMENT 'tbl building_graph_level id',
  `unit` varchar(255) NOT NULL,
  `type` varchar(255) NOT NULL,
  `batch` varchar(255) NOT NULL,
  `create_date` datetime NOT NULL,
  `create_by` varchar(255) NOT NULL,
  `update_date` datetime NOT NULL,
  `update_by` varchar(255) NOT NULL
) ENGINE=InnoDB DEFAULT CHARSET=utf8;

--
-- Dumping data for table `building_graph_setting`
--

INSERT INTO `building_graph_setting` (`id`, `project_id`, `project_completion_id`, `building_graph_id`, `level`, `unit`, `type`, `batch`, `create_date`, `create_by`, `update_date`, `update_by`) VALUES
(21, 3, 13, 2, 1, 'C-1-1', 'A', 'Batch 1', '2019-01-18 08:30:04', 'admin', '2019-01-18 08:30:04', 'admin'),
(22, 3, 13, 2, 1, '2', 'A', 'Batch 1', '2019-01-18 08:30:04', 'admin', '2019-01-18 08:30:04', 'admin'),
(23, 3, 13, 2, 1, '', 'A', 'Batch 1', '2019-01-18 08:30:04', 'admin', '2019-01-18 08:30:04', 'admin'),
(24, 3, 13, 2, 1, '', '', 'Batch 1', '2019-01-18 08:30:04', 'admin', '2019-01-18 08:30:04', 'admin'),
(25, 3, 13, 2, 2, 'C-2-1', 'B', 'Batch 1', '2019-01-18 08:30:04', 'admin', '2019-01-18 08:30:04', 'admin'),
(26, 3, 13, 2, 2, '2', 'B', 'Batch 1', '2019-01-18 08:30:04', 'admin', '2019-01-18 08:30:04', 'admin'),
(27, 3, 13, 2, 2, '', 'B', 'Batch 1', '2019-01-18 08:30:04', 'admin', '2019-01-18 08:30:04', 'admin'),
(28, 3, 13, 2, 2, '', '', 'Batch 1', '2019-01-18 08:30:04', 'admin', '2019-01-18 08:30:04', 'admin'),
(29, 3, 13, 2, 3, 'C-3-1', 'C', 'Batch 1', '2019-01-18 08:30:04', 'admin', '2019-01-18 08:30:04', 'admin'),
(30, 3, 13, 2, 3, '2', 'C', 'Batch 1', '2019-01-18 08:30:04', 'admin', '2019-01-18 08:30:04', 'admin'),
(31, 3, 13, 2, 3, '', 'C', 'Batch 1', '2019-01-18 08:30:04', 'admin', '2019-01-18 08:30:04', 'admin'),
(32, 3, 13, 2, 3, '', '', 'Batch 1', '2019-01-18 08:30:04', 'admin', '2019-01-18 08:30:04', 'admin'),
(33, 3, 13, 2, 4, 'C-4-1', 'D', 'Batch 1', '2019-01-18 08:30:04', 'admin', '2019-01-18 08:30:04', 'admin'),
(34, 3, 13, 2, 4, '2', 'D', 'Batch 1', '2019-01-18 08:30:04', 'admin', '2019-01-18 08:30:04', 'admin'),
(35, 3, 13, 2, 4, '', '', 'Batch 1', '2019-01-18 08:30:04', 'admin', '2019-01-18 08:30:04', 'admin'),
(36, 3, 13, 2, 4, '', '', 'Batch 1', '2019-01-18 08:30:04', 'admin', '2019-01-18 08:30:04', 'admin'),
(37, 3, 13, 2, 5, 'C-5-1', 'E', 'Batch 1', '2019-01-18 08:30:04', 'admin', '2019-01-18 08:30:04', 'admin'),
(38, 3, 13, 2, 5, '2', 'E', 'Batch 1', '2019-01-18 08:30:04', 'admin', '2019-01-18 08:30:04', 'admin'),
(39, 3, 13, 2, 5, '', '', 'Batch 1', '2019-01-18 08:30:04', 'admin', '2019-01-18 08:30:04', 'admin'),
(40, 3, 13, 2, 5, '', '', 'Batch 1', '2019-01-18 08:30:04', 'admin', '2019-01-18 08:30:04', 'admin'),
(41, 3, 13, 2, 6, 'C-6-1', 'F', 'Batch 1', '2019-01-18 08:30:04', 'admin', '2019-01-18 08:30:04', 'admin'),
(42, 3, 13, 2, 6, '2', 'F', 'Batch 1', '2019-01-18 08:30:04', 'admin', '2019-01-18 08:30:04', 'admin'),
(43, 3, 13, 2, 6, '', '', 'Batch 1', '2019-01-18 08:30:04', 'admin', '2019-01-18 08:30:04', 'admin'),
(44, 3, 13, 2, 6, '', '', 'Batch 1', '2019-01-18 08:30:04', 'admin', '2019-01-18 08:30:04', 'admin'),
(45, 3, 13, 2, 7, 'C-7-1', 'G', 'Batch 1', '2019-01-18 08:30:04', 'admin', '2019-01-18 08:30:04', 'admin'),
(46, 3, 13, 2, 7, '2', 'G', 'Batch 1', '2019-01-18 08:30:04', 'admin', '2019-01-18 08:30:04', 'admin'),
(47, 3, 13, 2, 7, '', '', 'Batch 1', '2019-01-18 08:30:04', 'admin', '2019-01-18 08:30:04', 'admin'),
(48, 3, 13, 2, 7, '', '', 'Batch 1', '2019-01-18 08:30:04', 'admin', '2019-01-18 08:30:04', 'admin'),
(49, 3, 13, 2, 8, 'C-8-1', 'H', 'Batch 1', '2019-01-18 08:30:04', 'admin', '2019-01-18 08:30:04', 'admin'),
(50, 3, 13, 2, 8, '2', 'H', 'Batch 1', '2019-01-18 08:30:04', 'admin', '2019-01-18 08:30:04', 'admin'),
(51, 3, 13, 2, 8, '', '', 'Batch 1', '2019-01-18 08:30:04', 'admin', '2019-01-18 08:30:04', 'admin'),
(52, 3, 13, 2, 8, '', '', 'Batch 1', '2019-01-18 08:30:04', 'admin', '2019-01-18 08:30:04', 'admin'),
(53, 3, 13, 2, 9, 'C-9-1', 'I', 'Batch 1', '2019-01-18 08:30:04', 'admin', '2019-01-18 08:30:04', 'admin'),
(54, 3, 13, 2, 9, '2', 'I', 'Batch 1', '2019-01-18 08:30:04', 'admin', '2019-01-18 08:30:04', 'admin'),
(55, 3, 13, 2, 9, '', '', 'Batch 1', '2019-01-18 08:30:04', 'admin', '2019-01-18 08:30:04', 'admin'),
(56, 3, 13, 2, 9, '', '', 'Batch 1', '2019-01-18 08:30:04', 'admin', '2019-01-18 08:30:04', 'admin'),
(57, 3, 13, 2, 10, 'C-10-1', 'J', 'Batch 1', '2019-01-18 08:30:04', 'admin', '2019-01-18 08:30:04', 'admin'),
(58, 3, 13, 2, 10, '2', 'J', 'Batch 1', '2019-01-18 08:30:04', 'admin', '2019-01-18 08:30:04', 'admin'),
(59, 3, 13, 2, 10, '', '', 'Batch 1', '2019-01-18 08:30:04', 'admin', '2019-01-18 08:30:04', 'admin'),
(60, 3, 13, 2, 10, '', '', 'Batch 1', '2019-01-18 08:30:04', 'admin', '2019-01-18 08:30:04', 'admin'),
(61, 6, 19, 1, 1, 'A-1-1', 'A', 'Batch 3', '2019-01-18 09:44:51', 'admin', '2019-01-18 09:44:51', 'admin'),
(62, 6, 19, 1, 1, '2', 'B', 'Batch 3', '2019-01-18 09:44:51', 'admin', '2019-01-18 09:44:51', 'admin'),
(63, 6, 19, 1, 2, 'A-2-1', 'A', 'Batch 3', '2019-01-18 09:44:51', 'admin', '2019-01-18 09:44:51', 'admin'),
(64, 6, 19, 1, 2, '2', 'B', 'Batch 3', '2019-01-18 09:44:51', 'admin', '2019-01-18 09:44:51', 'admin'),
(65, 6, 19, 1, 3, 'A-3-1', 'A', 'Batch 3', '2019-01-18 09:44:51', 'admin', '2019-01-18 09:44:51', 'admin'),
(66, 6, 19, 1, 3, '2', 'B', 'Batch 3', '2019-01-18 09:44:51', 'admin', '2019-01-18 09:44:51', 'admin'),
(67, 6, 19, 1, 4, 'A-4-1', 'A', 'Batch 3', '2019-01-18 09:44:51', 'admin', '2019-01-18 09:44:51', 'admin'),
(68, 6, 19, 1, 4, '2', 'B', 'Batch 3', '2019-01-18 09:44:51', 'admin', '2019-01-18 09:44:51', 'admin'),
(69, 6, 19, 1, 5, 'A-5-1', 'A', 'Batch 3', '2019-01-18 09:44:51', 'admin', '2019-01-18 09:44:51', 'admin'),
(70, 6, 19, 1, 5, '2', 'B', 'Batch 3', '2019-01-18 09:44:51', 'admin', '2019-01-18 09:44:51', 'admin'),
(71, 6, 19, 1, 6, 'A-6-1', 'A', 'Batch 3', '2019-01-18 09:44:51', 'admin', '2019-01-18 09:44:51', 'admin'),
(72, 6, 19, 1, 6, '2', 'B', 'Batch 3', '2019-01-18 09:44:51', 'admin', '2019-01-18 09:44:51', 'admin'),
(73, 6, 19, 1, 7, 'A-7-1', 'A', 'Batch 3', '2019-01-18 09:44:51', 'admin', '2019-01-18 09:44:51', 'admin'),
(74, 6, 19, 1, 7, '2', 'B', 'Batch 3', '2019-01-18 09:44:51', 'admin', '2019-01-18 09:44:51', 'admin'),
(75, 6, 19, 1, 8, 'A-8-1', 'A', 'Batch 3', '2019-01-18 09:44:51', 'admin', '2019-01-18 09:44:51', 'admin'),
(76, 6, 19, 1, 8, '2', 'B', 'Batch 3', '2019-01-18 09:44:51', 'admin', '2019-01-18 09:44:51', 'admin'),
(77, 6, 19, 1, 9, 'A-9-1', 'A', 'Batch 3', '2019-01-18 09:44:51', 'admin', '2019-01-18 09:44:51', 'admin'),
(78, 6, 19, 1, 9, '2', 'B', 'Batch 3', '2019-01-18 09:44:51', 'admin', '2019-01-18 09:44:51', 'admin'),
(79, 6, 19, 1, 10, 'A-10-1', 'A', 'Batch 3', '2019-01-18 09:44:51', 'admin', '2019-01-18 09:44:51', 'admin'),
(80, 6, 19, 1, 10, '2', 'B', 'Batch 3', '2019-01-18 09:44:51', 'admin', '2019-01-18 09:44:51', 'admin');

-- --------------------------------------------------------

--
-- Table structure for table `ci_sessions`
--

CREATE TABLE `ci_sessions` (
  `id` varchar(128) NOT NULL,
  `ip_address` varchar(45) NOT NULL,
  `timestamp` int(10) UNSIGNED NOT NULL DEFAULT '0',
  `data` blob NOT NULL
) ENGINE=InnoDB DEFAULT CHARSET=utf8;

--
-- Dumping data for table `ci_sessions`
--

INSERT INTO `ci_sessions` (`id`, `ip_address`, `timestamp`, `data`) VALUES
('01j8eqvi4dtabquimaelmj0b10le6787', '54.70.208.44', 1562258609, 0x5f5f63695f6c6173745f726567656e65726174657c693a313536323235383630393b),
('01rck6ad6rpgniirlv16fsug6v19fop0', '18.236.162.20', 1558861340, 0x5f5f63695f6c6173745f726567656e65726174657c693a313535383836313334303b),
('025b1ag8h9qhr2ti86dqrb6ujj2p2710', '175.136.247.29', 1546478708, 0x5f5f63695f6c6173745f726567656e65726174657c693a313534363437383638333b69647c733a313a2231223b656d61696c7c733a31353a2261646d696e40676d61696c2e636f6d223b6c6f676765645f696e7c623a313b6c6173745f6c6f676765647c733a32333a223033204a616e20323031392030383a35343a333720414d223b),
('03dbquk04vc3isisskblmnuofje0hsra', '18.236.156.90', 1556459808, 0x5f5f63695f6c6173745f726567656e65726174657c693a313535363435393830383b),
('03gfb20obngbf0a0s0m2oa8ampb7eri0', '209.17.97.10', 1553675106, 0x5f5f63695f6c6173745f726567656e65726174657c693a313535333637353130363b),
('03ianjcchebsdoaptlmkrqp0o5jg7e4d', '54.184.74.184', 1555845759, 0x5f5f63695f6c6173745f726567656e65726174657c693a313535353834353735393b),
('05ggov78hufqu6je51vfmf34ta5vupvd', '54.188.51.158', 1556277147, 0x5f5f63695f6c6173745f726567656e65726174657c693a313535363237373134373b),
('06r2o7nrl0ls8irul1adj06uat95pjv2', '175.136.247.29', 1547717352, 0x5f5f63695f6c6173745f726567656e65726174657c693a313534373731373136393b69647c733a313a2231223b757365726e616d657c733a353a2261646d696e223b656d61696c7c733a353a2261646d696e223b7465616d7c733a303a22223b726f6c657c733a303a22223b6c6f676765645f696e7c623a313b6c6173745f6c6f676765647c733a32333a223137204a616e20323031392030353a32333a353820504d223b),
('0830fk5j1d3ms861bomvpv2bn310hg66', '38.130.177.77', 1551474038, 0x5f5f63695f6c6173745f726567656e65726174657c693a313535313437343033383b),
('09r4a544ksnn95n1r0dcdjpkb4m843cd', '35.160.240.244', 1555152268, 0x5f5f63695f6c6173745f726567656e65726174657c693a313535353135323236383b),
('0ad3vumcsj0t69u89inekh4raf3sotvn', '34.217.144.44', 1559476136, 0x5f5f63695f6c6173745f726567656e65726174657c693a313535393437363133363b),
('0bic5u29cleanv6ige5ic8rf867mmik5', '209.17.97.122', 1556714157, 0x5f5f63695f6c6173745f726567656e65726174657c693a313535363731343135373b),
('0biknrt2amig9db279dh3orpfv7gtqah', '52.34.178.253', 1555758615, 0x5f5f63695f6c6173745f726567656e65726174657c693a313535353735383631353b),
('0cfs0o3n7nmh5ghfjscf2sea6rb39dnq', '35.163.146.130', 1556807122, 0x5f5f63695f6c6173745f726567656e65726174657c693a313535363830373132323b),
('0gmg4qvsk85uttb5eru6upvutrbo6nal', '38.130.163.35', 1551473910, 0x5f5f63695f6c6173745f726567656e65726174657c693a313535313437333931303b),
('0i5d9u08i40hkobpnhqdk8ub04fpcdjc', '175.136.247.29', 1547616970, 0x5f5f63695f6c6173745f726567656e65726174657c693a313534373631363932373b69647c733a313a2231223b757365726e616d657c733a353a2261646d696e223b656d61696c7c733a353a2261646d696e223b7465616d7c733a303a22223b726f6c657c733a303a22223b6c6f676765645f696e7c623a313b6c6173745f6c6f676765647c733a32333a223136204a616e20323031392031313a32353a303720414d223b),
('0k5kjgv46go2u4md8mk4r8jps12b968c', '66.220.149.5', 1561620505, 0x5f5f63695f6c6173745f726567656e65726174657c693a313536313632303530353b),
('0nuaeodoff8j4olj0ebud8fa96ivnae6', '66.249.65.96', 1553805802, 0x5f5f63695f6c6173745f726567656e65726174657c693a313535333830353830323b),
('0o01r2mcqpp7aqa6mlkt38kqn4plhobm', '51.15.124.33', 1557223523, 0x5f5f63695f6c6173745f726567656e65726174657c693a313535373232333532333b),
('0oan78drhqvliovr7eegrtvv0iu5avq5', '34.212.172.71', 1547551104, 0x5f5f63695f6c6173745f726567656e65726174657c693a313534373535313130343b),
('0pmmj2l3g0au9dtr2197922oc89gd88u', '34.209.138.228', 1556884965, 0x5f5f63695f6c6173745f726567656e65726174657c693a313535363838343936353b),
('0qia3qsm0q0pmhpu78g731j3l7g6rqa7', '209.17.97.74', 1558450383, 0x5f5f63695f6c6173745f726567656e65726174657c693a313535383435303338333b),
('0t5ic06s6t57uc5dqudt43f7noa7j7a9', '38.130.185.235', 1546221001, 0x5f5f63695f6c6173745f726567656e65726174657c693a313534363232313030313b),
('0tfvbh0teidi3q9v3mep26av20tha499', '66.249.71.154', 1552036952, 0x5f5f63695f6c6173745f726567656e65726174657c693a313535323033363935323b),
('0udfqjapv3bvu12qkcml2kcdqdh5teil', '209.17.96.202', 1558188116, 0x5f5f63695f6c6173745f726567656e65726174657c693a313535383138383131363b),
('12mgm82e7mqp5a1rie4n2vmlo229k69j', '18.237.130.172', 1553858800, 0x5f5f63695f6c6173745f726567656e65726174657c693a313535333835383830303b),
('14mee9sp32vdvn9j6u65j4eepohr392s', '66.249.71.154', 1555424206, 0x5f5f63695f6c6173745f726567656e65726174657c693a313535353432343230363b),
('156uaiffich79gcf44s7sbniul3krolv', '54.152.57.38', 1555758614, 0x5f5f63695f6c6173745f726567656e65726174657c693a313535353735383631343b),
('15o4fqphq338n91141vtelerf8e0st28', '175.136.247.29', 1547717128, 0x5f5f63695f6c6173745f726567656e65726174657c693a313534373731373033323b69647c733a313a2231223b757365726e616d657c733a353a2261646d696e223b656d61696c7c733a353a2261646d696e223b7465616d7c733a303a22223b726f6c657c733a303a22223b6c6f676765645f696e7c623a313b6c6173745f6c6f676765647c733a32333a223137204a616e20323031392030393a31313a303820414d223b),
('1b9c7g1olabgqd6glosccq7kq2i22cp0', '94.19.150.216', 1552130755, 0x5f5f63695f6c6173745f726567656e65726174657c693a313535323133303735353b),
('1bbk96m9e881sh3h4s5d1ag6tobeffig', '54.36.150.125', 1558996272, 0x5f5f63695f6c6173745f726567656e65726174657c693a313535383939363237323b),
('1bpnkkvrhs5tkeic8hmrtni2mne58lbi', '175.136.247.29', 1546221287, 0x5f5f63695f6c6173745f726567656e65726174657c693a313534363232313131383b),
('1dti6c7gpg8dh4bb5ipagmira00f6uv4', '54.36.150.35', 1559413066, 0x5f5f63695f6c6173745f726567656e65726174657c693a313535393431333036363b),
('1jo4gafilvsr1j2fqntmags8u5hve77e', '34.221.62.239', 1560874871, 0x5f5f63695f6c6173745f726567656e65726174657c693a313536303837343837313b),
('1ku4mov6og73a8pd73et28m64ldc4arr', '66.249.71.150', 1548650478, 0x5f5f63695f6c6173745f726567656e65726174657c693a313534383635303437383b),
('1rqqa6fm0bqmubiblfpqi0o6ln3eojef', '66.249.71.154', 1555508195, 0x5f5f63695f6c6173745f726567656e65726174657c693a313535353530383139353b),
('1s4fuj356h2vopdr2i5jmjqur2p7skb3', '34.221.129.12', 1559907933, 0x5f5f63695f6c6173745f726567656e65726174657c693a313535393930373933333b),
('1sqvbd1a0tsi45e17fp4rqusk85rv0hq', '66.249.66.70', 1548236193, 0x5f5f63695f6c6173745f726567656e65726174657c693a313534383233363139333b),
('1tqqn773ukaj4mmvm973f30ibf43u649', '35.202.78.213', 1557338448, 0x5f5f63695f6c6173745f726567656e65726174657c693a313535373333383434383b),
('1urkj5hl3a5mavbfba7pqbh4rufmif4l', '62.210.202.81', 1556336920, 0x5f5f63695f6c6173745f726567656e65726174657c693a313535363333363932303b),
('208ov58lta7i05e9sepbiie88dbiskpb', '108.62.3.46', 1556383082, 0x5f5f63695f6c6173745f726567656e65726174657c693a313535363338333038323b),
('212eo41cg8b44d8n30nq44tq7pvqdrnv', '66.249.69.96', 1559163914, 0x5f5f63695f6c6173745f726567656e65726174657c693a313535393136333931343b),
('218ocnglivrs8epud4d8iprir1ro7m77', '35.166.96.200', 1562258403, 0x5f5f63695f6c6173745f726567656e65726174657c693a313536323235383430333b),
('21t23uq3s93m338kovaknng8k7osobmq', '54.36.150.114', 1555864868, 0x5f5f63695f6c6173745f726567656e65726174657c693a313535353836343836383b),
('23lsah6jurrigno5h8id4c7bnuq3rdjb', '34.211.50.127', 1557423456, 0x5f5f63695f6c6173745f726567656e65726174657c693a313535373432333435363b),
('25v3r7375g9g6h90hl2kjgstc4vol3p0', '34.222.125.247', 1561461009, 0x5f5f63695f6c6173745f726567656e65726174657c693a313536313436313030393b),
('2acib0gaeusir1oc17rhecqb7a458qbn', '66.249.66.192', 1556017883, 0x5f5f63695f6c6173745f726567656e65726174657c693a313535363031373838333b),
('2b1p4513gids4md9p7hv1d3l90sii23t', '34.222.10.132', 1559294864, 0x5f5f63695f6c6173745f726567656e65726174657c693a313535393239343836343b),
('2d7vuftn9itfh624g6kchqlvju8f1m8t', '66.249.66.70', 1549918578, 0x5f5f63695f6c6173745f726567656e65726174657c693a313534393931383537383b),
('2gklkhm1hovquctltr2hgfpqpbd3ddgp', '34.221.123.222', 1553943080, 0x5f5f63695f6c6173745f726567656e65726174657c693a313535333934333038303b),
('2iesteu39v9eq0gb8sr9urnn3b25602n', '66.249.66.192', 1560293813, 0x5f5f63695f6c6173745f726567656e65726174657c693a313536303239333831333b),
('2ipsb920v52kf9psure6kd6e8dlemkr8', '66.249.71.156', 1559438051, 0x5f5f63695f6c6173745f726567656e65726174657c693a313535393433383035313b),
('2k57hapo1t7jfbmi58q9ipibtgk6oo9a', '66.249.71.155', 1551349889, 0x5f5f63695f6c6173745f726567656e65726174657c693a313535313334393838393b),
('2or7kod4u9ltb7cfv9vku6uq52egf708', '66.249.71.154', 1553841243, 0x5f5f63695f6c6173745f726567656e65726174657c693a313535333834313234333b),
('2rvt9vn9akjrc5bu1tlf70ndtfaclqe0', '66.249.66.87', 1561386011, 0x5f5f63695f6c6173745f726567656e65726174657c693a313536313338363031313b),
('2tl2kuu77g50m47ta1bcovkul5uess7m', '34.209.78.114', 1556989458, 0x5f5f63695f6c6173745f726567656e65726174657c693a313535363938393435383b),
('2v4h99sbt16epnvdci7hv608u07kp5t6', '209.17.97.50', 1552967887, 0x5f5f63695f6c6173745f726567656e65726174657c693a313535323936373838373b),
('307c7h04qsqnnhu3num4tbfmej190qb5', '175.136.247.29', 1546224605, 0x5f5f63695f6c6173745f726567656e65726174657c693a313534363232343534383b69647c733a313a2231223b656d61696c7c733a31353a2261646d696e40676d61696c2e636f6d223b6c6f676765645f696e7c623a313b6c6173745f6c6f676765647c733a32333a2233312044656320323031382030383a32343a333320414d223b),
('3243af1emd1ooujjt4ulqlu0o5vp12d9', '66.249.64.62', 1551204987, 0x5f5f63695f6c6173745f726567656e65726174657c693a313535313230343938373b),
('34a3ac7d0iie61qdlsi8m396d64sm8u0', '54.68.41.223', 1560429563, 0x5f5f63695f6c6173745f726567656e65726174657c693a313536303432393536333b),
('34dn901uuvqt0mbjv2u6s77ouqrv8gdh', '66.249.71.155', 1560976999, 0x5f5f63695f6c6173745f726567656e65726174657c693a313536303937363939393b),
('34jtm0mt7fb82cj8o96ssu4rhn82blea', '66.249.66.195', 1557041999, 0x5f5f63695f6c6173745f726567656e65726174657c693a313535373034313939393b),
('34k17o1ciau41uaqspuqtpnr9o60p72e', '51.15.192.148', 1560828127, 0x5f5f63695f6c6173745f726567656e65726174657c693a313536303832383132373b),
('35ae7adai3l25nfdi3iokjlp7ia6tktj', '54.191.22.30', 1561549085, 0x5f5f63695f6c6173745f726567656e65726174657c693a313536313534393038353b),
('3bo1m0rrbrllilr5vkflg3gbui2gve8p', '159.203.99.167', 1554367016, 0x5f5f63695f6c6173745f726567656e65726174657c693a313535343336373031363b),
('3bu4egcr8olgvbvn7tk2e4o3gt1lsboh', '66.249.66.195', 1554921014, 0x5f5f63695f6c6173745f726567656e65726174657c693a313535343932313031343b),
('3ci1du2pmlf5r5v9qqhdajnf1ju1l7o5', '171.67.70.43', 1549081252, 0x5f5f63695f6c6173745f726567656e65726174657c693a313534393038313235323b),
('3cjc2fqmvjckatldk2s5cjrtun4lkoqe', '54.218.4.60', 1556203352, 0x5f5f63695f6c6173745f726567656e65726174657c693a313535363230333335323b),
('3d5utso4off73cnpem7iqsaipopdovbt', '167.71.191.133', 1562262165, 0x5f5f63695f6c6173745f726567656e65726174657c693a313536323236323136353b),
('3f8qd3kbflqnvkmq53iib8kmqjgstpjg', '66.249.69.126', 1559163674, 0x5f5f63695f6c6173745f726567656e65726174657c693a313535393136333637343b),
('3gilpujijbom6kijrrrul007q33uvqdm', '54.185.60.76', 1553513143, 0x5f5f63695f6c6173745f726567656e65726174657c693a313535333531333134333b),
('3ijs52r8gclcpvbe44815iuuhom2lebl', '66.249.71.154', 1562332354, 0x5f5f63695f6c6173745f726567656e65726174657c693a313536323333323335343b),
('3jlpg6diiacf7eg273f4pro5i8vipm8p', '175.136.247.29', 1547021375, 0x5f5f63695f6c6173745f726567656e65726174657c693a313534373032313137343b757365726e616d657c733a353a2261646d696e223b7465616d7c733a303a22223b726f6c657c733a303a22223b69647c733a313a2231223b656d61696c7c733a353a2261646d696e223b6c6f676765645f696e7c623a313b6c6173745f6c6f676765647c733a32333a223039204a616e20323031392030313a30333a343920504d223b),
('3l9k3u1jvtr6g3empdb1lui2ap4j48n8', '159.203.109.186', 1554369825, 0x5f5f63695f6c6173745f726567656e65726174657c693a313535343336393832353b),
('3lidgdat5at7qotpsvf4u3c3ud7tubfb', '66.249.79.64', 1553871927, 0x5f5f63695f6c6173745f726567656e65726174657c693a313535333837313932373b),
('3m7u24shhu2fi6bp8h5ugc3l312f7hh9', '66.249.65.96', 1551599196, 0x5f5f63695f6c6173745f726567656e65726174657c693a313535313539393139363b),
('3mam49h7goeoe3g7osd0ks08636gh5jt', '66.249.71.148', 1548312872, 0x5f5f63695f6c6173745f726567656e65726174657c693a313534383331323837323b),
('3psu3t60kh9se7b8l0vamt57jqopum54', '66.249.65.99', 1561679289, 0x5f5f63695f6c6173745f726567656e65726174657c693a313536313637393238393b),
('3s86te85ij4ro4igpscj7u9nbka9nblv', '209.17.97.42', 1556094972, 0x5f5f63695f6c6173745f726567656e65726174657c693a313535363039343937323b),
('3sbp7e53457v3p3rnujnmvh971o9vvha', '178.128.241.45', 1552289993, 0x5f5f63695f6c6173745f726567656e65726174657c693a313535323238393939333b),
('3t8lec9bf33t9hfakejtpvebnequ133i', '209.17.97.114', 1552748608, 0x5f5f63695f6c6173745f726567656e65726174657c693a313535323734383630383b),
('3vircre59no4ptgm6oso90lnr2bd5jn4', '175.136.247.29', 1546242565, 0x5f5f63695f6c6173745f726567656e65726174657c693a313534363234323437333b),
('403djifvrj8p34u0sq6cp9ho993jn1cu', '66.249.71.156', 1555609123, 0x5f5f63695f6c6173745f726567656e65726174657c693a313535353630393132333b),
('44ajv107um7807fb7udumh9fhaloar8a', '34.211.58.100', 1557574048, 0x5f5f63695f6c6173745f726567656e65726174657c693a313535373537343034383b),
('45rjmjl6c4kl7vlp8fl04781tk1pcg7k', '66.249.71.155', 1554030003, 0x5f5f63695f6c6173745f726567656e65726174657c693a313535343033303030333b),
('45td03vb5pkmldts8emp6ckae97omluc', '52.12.107.88', 1553698359, 0x5f5f63695f6c6173745f726567656e65726174657c693a313535333639383335393b),
('466rlrqkhrpu92f4g8man75ialpkgrj7', '175.136.247.29', 1547020564, 0x5f5f63695f6c6173745f726567656e65726174657c693a313534373032303536343b757365726e616d657c733a353a2261646d696e223b7465616d7c733a303a22223b726f6c657c733a303a22223b69647c733a313a2231223b656d61696c7c733a353a2261646d696e223b6c6f676765645f696e7c623a313b6c6173745f6c6f676765647c733a32333a223039204a616e20323031392030313a30333a343920504d223b),
('472ic9p56u4phbal8963cc9lpq2d8a51', '54.191.78.59', 1558439744, 0x5f5f63695f6c6173745f726567656e65726174657c693a313535383433393734343b),
('49k0qtlsg789432qt7jtg9338nc6k11v', '54.68.103.163', 1556730507, 0x5f5f63695f6c6173745f726567656e65726174657c693a313535363733303530373b),
('4ea1a4ufuv7vtar9bn3c25d19lt6hmbm', '34.216.116.67', 1556554320, 0x5f5f63695f6c6173745f726567656e65726174657c693a313535363535343332303b),
('4ej5c9vft7up01d3t6gn639sp2b30p9c', '175.136.247.29', 1546220043, 0x5f5f63695f6c6173745f726567656e65726174657c693a313534363232303034333b),
('4hqqdrehmn2sqfkcddottnh39jq2odeu', '172.246.252.29', 1553652794, 0x5f5f63695f6c6173745f726567656e65726174657c693a313535333635323739343b),
('4i150tdjgorojn3b2imeiqqbejnvbc3q', '34.214.253.57', 1554217923, 0x5f5f63695f6c6173745f726567656e65726174657c693a313535343231373932333b),
('4k1cg8p17p53uvk7ma937k0asmesv8uh', '54.185.53.153', 1556634836, 0x5f5f63695f6c6173745f726567656e65726174657c693a313535363633343833363b),
('4m2dn23bqhvu174d0hu8tbv4dev85hbh', '175.136.247.29', 1547717920, 0x5f5f63695f6c6173745f726567656e65726174657c693a313534373731373835393b69647c733a313a2231223b757365726e616d657c733a353a2261646d696e223b656d61696c7c733a353a2261646d696e223b7465616d7c733a303a22223b726f6c657c733a303a22223b6c6f676765645f696e7c623a313b6c6173745f6c6f676765647c733a32333a223137204a616e20323031392030393a31313a303820414d223b),
('4pcg7h8nass5vod23rva38hpegrh0ojv', '66.249.71.156', 1552304318, 0x5f5f63695f6c6173745f726567656e65726174657c693a313535323330343331383b),
('4suu6k9n3asi9s0vu7r4r24r5siqimmr', '175.136.247.29', 1546856305, 0x5f5f63695f6c6173745f726567656e65726174657c693a313534363835363330353b69647c733a313a2231223b757365726e616d657c733a353a2261646d696e223b656d61696c7c733a31353a2261646d696e40676d61696c2e636f6d223b6c6f676765645f696e7c623a313b6c6173745f6c6f676765647c733a32333a223037204a616e20323031392030323a34313a353120504d223b),
('4tk5le7h691dt6shghm5h80p0qscinq0', '52.42.140.96', 1562165448, 0x5f5f63695f6c6173745f726567656e65726174657c693a313536323136353434383b),
('4v3625uqihn7652o8kkck69llrdn50oj', '66.249.71.154', 1553993756, 0x5f5f63695f6c6173745f726567656e65726174657c693a313535333939333735363b),
('501i3jlh7akvtlf6i36ql3knvv3qcshl', '54.184.27.140', 1553596749, 0x5f5f63695f6c6173745f726567656e65726174657c693a313535333539363734393b),
('50km06f83sgpv28cdlccdk3spllmi99p', '66.249.71.146', 1549780186, 0x5f5f63695f6c6173745f726567656e65726174657c693a313534393738303138363b),
('549cpmh5mkpdhqgdr7a9gs91s1k8asu8', '62.210.202.81', 1558905125, 0x5f5f63695f6c6173745f726567656e65726174657c693a313535383930353132353b),
('55csjam46ga16jgqnl5mkqt1udt8pqrl', '18.237.104.69', 1560004362, 0x5f5f63695f6c6173745f726567656e65726174657c693a313536303030343336323b),
('57bgppg96f4afo6jffcmbufl00qnqnaq', '151.80.39.56', 1554685595, 0x5f5f63695f6c6173745f726567656e65726174657c693a313535343638353539353b),
('57jdf8r88anmakfjet6ctmvu792rll6i', '54.70.208.44', 1562258610, 0x5f5f63695f6c6173745f726567656e65726174657c693a313536323235383631303b),
('5b478hhh3vmbi4natjp3repkuloejk02', '34.209.138.228', 1556884967, 0x5f5f63695f6c6173745f726567656e65726174657c693a313535363838343936373b),
('5dqqa9ja5c3noi3d8lge3dvm0bl705ph', '175.136.247.29', 1547780152, 0x5f5f63695f6c6173745f726567656e65726174657c693a313534373738303135323b69647c733a313a2231223b757365726e616d657c733a353a2261646d696e223b656d61696c7c733a353a2261646d696e223b7465616d7c733a303a22223b726f6c657c733a303a22223b6c6f676765645f696e7c623a313b6c6173745f6c6f676765647c733a32333a223138204a616e20323031392030383a34383a343420414d223b),
('5f67s2bmtfvbrd7epqq1s9s346c4t0hf', '66.249.66.87', 1551957907, 0x5f5f63695f6c6173745f726567656e65726174657c693a313535313935373930373b),
('5i7bphupisg69eevamuf9srfgtvtkf5k', '209.17.97.74', 1557883235, 0x5f5f63695f6c6173745f726567656e65726174657c693a313535373838333233353b),
('5ia52j6osg08qel13nne0udf7fb73lse', '175.136.247.29', 1546218361, 0x5f5f63695f6c6173745f726567656e65726174657c693a313534363231383336313b),
('5k5ojoa1bpakj18gtq364ir014u460jp', '66.249.71.154', 1555676751, 0x5f5f63695f6c6173745f726567656e65726174657c693a313535353637363735313b),
('5kb6i3jp990undub0rrknkdj63r446vu', '66.249.71.154', 1556323507, 0x5f5f63695f6c6173745f726567656e65726174657c693a313535363332333530373b),
('5kunku042tbh41dqe5q5rbkbub8jhc5b', '175.136.247.29', 1547014175, 0x5f5f63695f6c6173745f726567656e65726174657c693a313534373031333938363b757365726e616d657c733a353a2261646d696e223b7465616d7c733a303a22223b726f6c657c733a303a22223b69647c733a313a2231223b656d61696c7c733a353a2261646d696e223b6c6f676765645f696e7c623a313b6c6173745f6c6f676765647c733a32333a223039204a616e20323031392030313a30333a343920504d223b),
('5l2ub7gugjdsj6c49udfiuhnjl0v2iu6', '66.249.71.150', 1548398211, 0x5f5f63695f6c6173745f726567656e65726174657c693a313534383339383231313b),
('5lkm1jr02kt2s4vek2aetjlbuf51oamm', '66.249.71.150', 1548819321, 0x5f5f63695f6c6173745f726567656e65726174657c693a313534383831393332313b),
('5oqedeh5f6am1a81vis77sdlea7dl7q6', '64.71.203.128', 1561889014, 0x5f5f63695f6c6173745f726567656e65726174657c693a313536313838393031343b),
('5piibqcacc6mi6on5d1ddqdlb7108ual', '134.209.43.81', 1554197529, 0x5f5f63695f6c6173745f726567656e65726174657c693a313535343139373532393b),
('5r4quptpufelddj36ac16uect8suumlq', '66.249.79.224', 1552067771, 0x5f5f63695f6c6173745f726567656e65726174657c693a313535323036373737313b),
('5s7uucp0il5547ejds4t9hroe27kp0hj', '54.36.148.234', 1558669193, 0x5f5f63695f6c6173745f726567656e65726174657c693a313535383636393139333b),
('5tnll983rlj9doqvvu74jquts9lsu1f1', '38.130.180.193', 1546220702, 0x5f5f63695f6c6173745f726567656e65726174657c693a313534363232303730323b),
('60ep3om4vdcenm8dvv04m4qppogol89c', '38.130.185.235', 1546221004, 0x5f5f63695f6c6173745f726567656e65726174657c693a313534363232313030333b),
('6174divpma88a1svjng5t4hpi5haicbv', '66.249.71.156', 1561590246, 0x5f5f63695f6c6173745f726567656e65726174657c693a313536313539303234363b),
('62afgj12rea3um7psogq02eima0i18c6', '34.222.92.169', 1558270778, 0x5f5f63695f6c6173745f726567656e65726174657c693a313535383237303737383b),
('62ci85k7bd554qr11651ua305f5qcv3v', '66.249.71.156', 1557574686, 0x5f5f63695f6c6173745f726567656e65726174657c693a313535373537343638363b),
('64871uih80hcc4g1kja6k3nq18ov9sh0', '175.136.247.29', 1547014718, 0x5f5f63695f6c6173745f726567656e65726174657c693a313534373031343538303b69647c733a313a2236223b757365726e616d657c733a31313a224c6965772044617272656e223b656d61696c7c733a32303a226c69657764617272656e40676d61696c2e636f6d223b7465616d7c733a313a2234223b726f6c657c733a313a2235223b6c6f676765645f696e7c623a313b6c6173745f6c6f676765647c4e3b),
('6atpjo66cqfhfcdj2tf3euek3d3aij4d', '175.136.247.29', 1550040165, 0x5f5f63695f6c6173745f726567656e65726174657c693a313535303034303136353b),
('6dpk70qn9prsss3nal254dotjnvure0o', '175.136.247.29', 1546224060, 0x5f5f63695f6c6173745f726567656e65726174657c693a313534363232333938353b),
('6fg1ac62cc43avruial7et8k3ca8sth2', '54.184.27.140', 1553596751, 0x5f5f63695f6c6173745f726567656e65726174657c693a313535333539363735313b),
('6gb7nd4iausqsgmm8roc7395jtehbuer', '209.17.96.42', 1553625689, 0x5f5f63695f6c6173745f726567656e65726174657c693a313535333632353638393b),
('6hfnmrep45sc18veslcif2i04cqjt46a', '54.244.58.167', 1558525100, 0x5f5f63695f6c6173745f726567656e65726174657c693a313535383532353130303b),
('6irmhlho0u5iaf58fvsu8g0b55v8edm1', '34.209.78.114', 1556989456, 0x5f5f63695f6c6173745f726567656e65726174657c693a313535363938393435363b),
('6nv78bb8o0f67a805h43vkl9vnhqk83n', '66.249.71.148', 1548791292, 0x5f5f63695f6c6173745f726567656e65726174657c693a313534383739313239323b),
('6pafp7g14294j5eb5f3qcsba8anb5c5o', '52.33.217.140', 1561113099, 0x5f5f63695f6c6173745f726567656e65726174657c693a313536313131333039393b),
('6um8ttpscsk0qcjshdjulko1n3q5q7gt', '62.210.202.81', 1557101235, 0x5f5f63695f6c6173745f726567656e65726174657c693a313535373130313233353b),
('70m4um2dasupj5v5rqocbfs90ighd3qj', '34.211.50.127', 1557423457, 0x5f5f63695f6c6173745f726567656e65726174657c693a313535373432333435373b),
('77c325mqft2fip295kufg0fu7kea61dc', '66.249.71.146', 1550405129, 0x5f5f63695f6c6173745f726567656e65726174657c693a313535303430353132393b),
('7815nh54schd60um3o6sgl46tv7i94i3', '54.36.148.30', 1562465962, 0x5f5f63695f6c6173745f726567656e65726174657c693a313536323436353936323b),
('7a0knsikjfecd81jpfcg7k8idnm5algf', '66.220.149.17', 1548923798, 0x5f5f63695f6c6173745f726567656e65726174657c693a313534383932333739383b),
('7a75rr8pad2nep6rj1d9c8ve1f6qmc7t', '54.202.16.154', 1559744680, 0x5f5f63695f6c6173745f726567656e65726174657c693a313535393734343638303b),
('7dqc4o6covvn0cb9hu9u5d8hl10mjn4i', '66.249.71.146', 1549201487, 0x5f5f63695f6c6173745f726567656e65726174657c693a313534393230313438373b),
('7fl8dmghd6f82pjeruae7ljp72mjvvaq', '52.39.251.1', 1562351086, 0x5f5f63695f6c6173745f726567656e65726174657c693a313536323335313038363b),
('7fpmmv30imrdnrjc6i77mgfheb2mvbfh', '209.17.96.250', 1561437422, 0x5f5f63695f6c6173745f726567656e65726174657c693a313536313433373432323b),
('7gdo3nc8jrtv0pshn8jmj0ul5ticnbmh', '62.210.202.81', 1558905105, 0x5f5f63695f6c6173745f726567656e65726174657c693a313535383930353130353b),
('7gto8t64uqh3n3fs7fjapaan8o2hh825', '175.136.247.29', 1547010809, 0x5f5f63695f6c6173745f726567656e65726174657c693a313534373031303830333b757365726e616d657c733a353a2261646d696e223b7465616d7c733a303a22223b726f6c657c733a303a22223b69647c733a313a2231223b656d61696c7c733a353a2261646d696e223b6c6f676765645f696e7c623a313b6c6173745f6c6f676765647c733a32333a223039204a616e20323031392030313a30333a343920504d223b),
('7gu9entotosrdaihtumvofnjo7tb7bqd', '66.249.64.35', 1553528657, 0x5f5f63695f6c6173745f726567656e65726174657c693a313535333532383635373b),
('7hmcrk814ctj5og06dsfmvur9iv7smve', '35.160.240.244', 1555152270, 0x5f5f63695f6c6173745f726567656e65726174657c693a313535353135323237303b),
('7i7fdn0me6p9t51tt3kipl1hg3t1bqub', '66.249.66.195', 1557035372, 0x5f5f63695f6c6173745f726567656e65726174657c693a313535373033353337323b),
('7k8oq8ee4e14u4ckfgm4gohc87c5q012', '54.36.149.101', 1556793366, 0x5f5f63695f6c6173745f726567656e65726174657c693a313535363739333336363b),
('7krrbkj5c1f2p5qhqt4gdv4ov45loo6h', '175.136.247.29', 1547017148, 0x5f5f63695f6c6173745f726567656e65726174657c693a313534373031363932303b69647c733a313a2236223b757365726e616d657c733a31313a224c6965772044617272656e223b656d61696c7c733a32303a226c69657764617272656e40676d61696c2e636f6d223b7465616d7c733a313a2234223b726f6c657c733a313a2235223b6c6f676765645f696e7c623a313b6c6173745f6c6f676765647c4e3b),
('7njp98q84d268oa5fotjrfkecunol4cu', '209.17.96.42', 1561227089, 0x5f5f63695f6c6173745f726567656e65726174657c693a313536313232373038393b),
('7scq0s0p02u2a419qhfqnqdjonj8l8bg', '209.17.97.74', 1554516119, 0x5f5f63695f6c6173745f726567656e65726174657c693a313535343531363131393b),
('7sej86a2s17f64uoa80r6tknf2iovbgc', '66.220.149.29', 1558942143, 0x5f5f63695f6c6173745f726567656e65726174657c693a313535383934323134333b),
('7ttpi8vgs46qd2466acegd6o42utuu0i', '54.36.150.130', 1559316471, 0x5f5f63695f6c6173745f726567656e65726174657c693a313535393331363437313b),
('7v2fsdvuoq02mbbk7f0ec8jsgjmduicj', '209.17.96.34', 1555163837, 0x5f5f63695f6c6173745f726567656e65726174657c693a313535353136333833373b),
('80davqdl9j1bcursjsh0n099834319kn', '209.17.96.50', 1549630815, 0x5f5f63695f6c6173745f726567656e65726174657c693a313534393633303831353b),
('83spb6avbtqtaku0iqv8dfgcqgrapep1', '66.249.71.154', 1551448672, 0x5f5f63695f6c6173745f726567656e65726174657c693a313535313434383637323b),
('844l42uclf0t490ad0qr2l2rhpkjeths', '34.214.253.57', 1554217922, 0x5f5f63695f6c6173745f726567656e65726174657c693a313535343231373932323b),
('8fdmgjjb24d24hkb9mu3f12l0de1gfmk', '64.246.187.42', 1555065672, 0x5f5f63695f6c6173745f726567656e65726174657c693a313535353036353637323b),
('8if2l9o5p4g2oa0504ao6m09or962td9', '66.249.64.32', 1551176583, 0x5f5f63695f6c6173745f726567656e65726174657c693a313535313137363538333b),
('8jg0o6fk63qqvdfmfadnt0r6mboath6l', '66.249.71.154', 1560812408, 0x5f5f63695f6c6173745f726567656e65726174657c693a313536303831323430383b),
('8kfvslgdrigq3e5915rhstqdccr7n2mv', '175.136.247.29', 1546220041, 0x5f5f63695f6c6173745f726567656e65726174657c693a313534363232303034313b),
('8kgcgf7ikvgorg080p0st1v7vap1upmc', '54.191.22.30', 1561549083, 0x5f5f63695f6c6173745f726567656e65726174657c693a313536313534393038333b),
('8lerpo1pfet5svk8qmmkkj8cop70erua', '54.202.197.68', 1556372118, 0x5f5f63695f6c6173745f726567656e65726174657c693a313535363337323131383b),
('8lsq8olu0rgm329saec7d7ktp8qav7to', '34.222.111.86', 1554304725, 0x5f5f63695f6c6173745f726567656e65726174657c693a313535343330343732353b),
('8metmmcdi4qq5k3fgqf0u40o3vbg169p', '52.39.251.1', 1562351087, 0x5f5f63695f6c6173745f726567656e65726174657c693a313536323335313038373b),
('8ovkidnmgqs3vvfcj5qeo3ih5627c5no', '66.249.71.148', 1548942284, 0x5f5f63695f6c6173745f726567656e65726174657c693a313534383934323238343b),
('8rpq8ravlg9uc47g8542nkb3fkha0eid', '66.249.71.150', 1549369263, 0x5f5f63695f6c6173745f726567656e65726174657c693a313534393336393236323b),
('8rtk1pitc0djnbvqaikt4t5ehpnldd97', '54.212.241.1', 1554481654, 0x5f5f63695f6c6173745f726567656e65726174657c693a313535343438313635343b),
('8sd4hjkdua6jt2o0qb7o0gdi2pr0qht4', '18.237.201.75', 1562091654, 0x5f5f63695f6c6173745f726567656e65726174657c693a313536323039313635343b),
('8uqvl3chejekisrpm15i9k9tbmfdabar', '159.89.190.157', 1562253907, 0x5f5f63695f6c6173745f726567656e65726174657c693a313536323235333930373b),
('918urmuln6ij1sg9re2njk3pt9tjos4b', '66.249.71.155', 1562303715, 0x5f5f63695f6c6173745f726567656e65726174657c693a313536323330333731353b),
('91ivlt8uckvm7tg7bgjmo2s74ktqsrq0', '35.161.171.19', 1556036858, 0x5f5f63695f6c6173745f726567656e65726174657c693a313535363033363835383b),
('92vplq69ntas2oj3kfj1cg8e8gut0v9k', '34.213.242.226', 1554902073, 0x5f5f63695f6c6173745f726567656e65726174657c693a313535343930323037333b),
('93938460uputspfjvdqbpoeasls1tuvd', '175.136.247.29', 1547013112, 0x5f5f63695f6c6173745f726567656e65726174657c693a313534373031323837333b757365726e616d657c733a353a2261646d696e223b7465616d7c733a303a22223b726f6c657c733a303a22223b69647c733a313a2231223b656d61696c7c733a353a2261646d696e223b6c6f676765645f696e7c623a313b6c6173745f6c6f676765647c733a32333a223039204a616e20323031392030313a30333a343920504d223b),
('93ghaqet1hnd3ubk98an02s2nedgjis2', '175.136.247.29', 1547002195, 0x5f5f63695f6c6173745f726567656e65726174657c693a313534373030313930303b69647c733a313a2231223b757365726e616d657c733a353a2261646d696e223b656d61696c7c733a31353a2261646d696e40676d61696c2e636f6d223b7465616d7c733a303a22223b726f6c657c733a303a22223b6c6f676765645f696e7c623a313b6c6173745f6c6f676765647c733a32333a223039204a616e20323031392030383a35313a333220414d223b),
('951g4ufrq8dkmpf6fl8c65gcj7sfiqso', '66.249.71.150', 1548617886, 0x5f5f63695f6c6173745f726567656e65726174657c693a313534383631373838363b),
('9a5vbo9hta56pj31mgfsa6sr19sr902g', '52.26.57.127', 1560521555, 0x5f5f63695f6c6173745f726567656e65726174657c693a313536303532313535353b),
('9ankvk2ui5md5sjupeenp88drgbbjbp2', '66.249.71.150', 1550657446, 0x5f5f63695f6c6173745f726567656e65726174657c693a313535303635373434363b),
('9crfl0h3erjihe2dl65ci98q6tq9usfn', '209.17.97.50', 1559060226, 0x5f5f63695f6c6173745f726567656e65726174657c693a313535393036303232363b),
('9drfrrj6qse89skd1mhev7aj9iegk0m5', '209.17.96.202', 1553184778, 0x5f5f63695f6c6173745f726567656e65726174657c693a313535333138343737383b),
('9i07g4747jor4fs3hnp4lv2mp5c0n13q', '216.145.11.94', 1560958979, 0x5f5f63695f6c6173745f726567656e65726174657c693a313536303935383937393b),
('9i08uugcfq34ejdp44llkam18ju7nrtf', '23.27.152.238', 1546219989, 0x5f5f63695f6c6173745f726567656e65726174657c693a313534363231393938393b),
('9jfuui0ijalnl6913908ddvcemspqsh2', '54.218.4.60', 1556203353, 0x5f5f63695f6c6173745f726567656e65726174657c693a313535363230333335333b),
('9jlthoi3113u5076prb5992u86ppti8i', '54.36.148.20', 1558506071, 0x5f5f63695f6c6173745f726567656e65726174657c693a313535383530363037313b),
('9khneeot7nhh2l4slphg63f6b4fs93ru', '64.246.165.160', 1551357881, 0x5f5f63695f6c6173745f726567656e65726174657c693a313535313335373838313b),
('9ldsfq9un987ubko08h7gkks99m6i2g0', '34.221.137.111', 1560943945, 0x5f5f63695f6c6173745f726567656e65726174657c693a313536303934333934353b),
('9mctasnithjanh295vtfv1is3j6bbaqk', '54.149.45.144', 1553531281, 0x5f5f63695f6c6173745f726567656e65726174657c693a313535333533313238313b),
('9n1j0l3u8uea3n71duaqf8aum4f0fqeh', '52.33.104.136', 1560357138, 0x5f5f63695f6c6173745f726567656e65726174657c693a313536303335373133383b),
('9osapc7t8j5ajdoluclo1mle5na2d7n2', '66.249.65.96', 1554830375, 0x5f5f63695f6c6173745f726567656e65726174657c693a313535343833303337353b),
('9oso74ik7607u5t3fr1ostseauanonfp', '66.249.71.146', 1548582822, 0x5f5f63695f6c6173745f726567656e65726174657c693a313534383538323832313b),
('9p38vhkki0nu7sd92eo6ru5oe5tu5a8h', '66.249.79.67', 1549402490, 0x5f5f63695f6c6173745f726567656e65726174657c693a313534393430323439303b),
('9pj3olpi9ipiishre0ijqfvg7dpbrqil', '35.224.184.231', 1557347851, 0x5f5f63695f6c6173745f726567656e65726174657c693a313535373334373835313b),
('9prjk4mp78m8vnis28ddps1f0e60an3d', '199.30.228.133', 1559118544, 0x5f5f63695f6c6173745f726567656e65726174657c693a313535393131383534343b),
('9s6tcsrr1l2ej8qnim7eej49f369j97m', '192.99.35.149', 1552641614, 0x5f5f63695f6c6173745f726567656e65726174657c693a313535323634313631343b),
('9snonaeeuvlmtoea0gre61ajukhkejre', '66.249.65.126', 1555918261, 0x5f5f63695f6c6173745f726567656e65726174657c693a313535353931383236313b),
('9stni7noku5jpv613m1k4faro3vcil8i', '66.249.71.156', 1557349986, 0x5f5f63695f6c6173745f726567656e65726174657c693a313535373334393938363b),
('9tq2mf0cidsp4qflva2kq9g9cafpet1j', '165.227.125.11', 1556944003, 0x5f5f63695f6c6173745f726567656e65726174657c693a313535363934343030333b),
('9trltesi9pt1puqc3bfi8u4k8dt9hgo5', '52.34.91.151', 1558953150, 0x5f5f63695f6c6173745f726567656e65726174657c693a313535383935333135303b),
('9u39a21uqdbngirn8ddh7hd7dfsa11c9', '66.249.65.99', 1553806414, 0x5f5f63695f6c6173745f726567656e65726174657c693a313535333830363431343b),
('9uuuonkpo28lf9ck231jr287bp5lskjf', '209.17.97.122', 1549411346, 0x5f5f63695f6c6173745f726567656e65726174657c693a313534393431313334363b),
('a2v4vugkdd3labnj8i2mu1gsc5qudgqf', '35.160.6.212', 1560175458, 0x5f5f63695f6c6173745f726567656e65726174657c693a313536303137353435383b),
('a62j9detfupaj6ptubluucnl860f2203', '175.136.247.29', 1546506715, 0x5f5f63695f6c6173745f726567656e65726174657c693a313534363530363731353b69647c733a313a2231223b757365726e616d657c733a353a2261646d696e223b656d61696c7c733a31353a2261646d696e40676d61696c2e636f6d223b6c6f676765645f696e7c623a313b6c6173745f6c6f676765647c733a32333a223033204a616e20323031392031323a31313a353320504d223b),
('abfftslp2vfqbc4nnv6dk8p0u5rqk1md', '66.249.69.126', 1559208762, 0x5f5f63695f6c6173745f726567656e65726174657c693a313535393230383736323b),
('aco72e196gbvdhfq7tuj4ib23c4tpg0l', '34.222.77.122', 1561034809, 0x5f5f63695f6c6173745f726567656e65726174657c693a313536313033343830393b),
('ago46vbscpvpipt961n1biiav2d0bjnv', '66.249.71.154', 1561071611, 0x5f5f63695f6c6173745f726567656e65726174657c693a313536313037313631313b),
('aiqma6ssp9ue7v6pd9f6s0boijvt2eua', '77.158.228.65', 1562039357, 0x5f5f63695f6c6173745f726567656e65726174657c693a313536323033393335373b),
('akq3nbk6hr51ubl50vsqqdpdstla9ec7', '54.200.44.252', 1555586738, 0x5f5f63695f6c6173745f726567656e65726174657c693a313535353538363733383b),
('aoglrvp2t9v8hidpascft8mulc0k91ni', '34.214.183.186', 1561389038, 0x5f5f63695f6c6173745f726567656e65726174657c693a313536313338393033383b),
('aq9cn1k5tpv3s2cgkpv26mgbt2v42hr4', '180.163.220.4', 1562137262, 0x5f5f63695f6c6173745f726567656e65726174657c693a313536323133373236323b),
('aqh8rbu705enbprd9eeqrj3qhfod44ec', '66.249.71.155', 1551739926, 0x5f5f63695f6c6173745f726567656e65726174657c693a313535313733393932363b),
('asufj8hg9rnm48flplu4rddrjv9cjmam', '54.36.150.59', 1562221323, 0x5f5f63695f6c6173745f726567656e65726174657c693a313536323232313332333b),
('auravn4ooqqa7ot829ds84k1tg4k7out', '18.237.52.188', 1560268608, 0x5f5f63695f6c6173745f726567656e65726174657c693a313536303236383630383b),
('b0lod0s7l0d3ekfv6jae647s75akjfnk', '34.208.70.227', 1556107361, 0x5f5f63695f6c6173745f726567656e65726174657c693a313535363130373336313b),
('b3pfva359u91lo2mfjs173b3ms60k97p', '54.36.149.25', 1557337167, 0x5f5f63695f6c6173745f726567656e65726174657c693a313535373333373136373b),
('b5jl6qkt761b8e9eaqlovm08lh98m0re', '66.249.71.155', 1557383296, 0x5f5f63695f6c6173745f726567656e65726174657c693a313535373338333239363b),
('b5oto6e4b0f0k7jbfpc14cgqpbqvv23t', '66.249.71.155', 1557525318, 0x5f5f63695f6c6173745f726567656e65726174657c693a313535373532353331383b),
('b5ue26oeq741ihu7lbc97kp516bvnch1', '66.249.71.154', 1556436727, 0x5f5f63695f6c6173745f726567656e65726174657c693a313535363433363732373b),
('b6ka5p2nmbpqh5hf91mmaths8bgk2isl', '209.17.97.50', 1550861768, 0x5f5f63695f6c6173745f726567656e65726174657c693a313535303836313736383b),
('b7fp6vups6t7lgqihsc8sv1e0gef33q3', '35.188.61.55', 1557349081, 0x5f5f63695f6c6173745f726567656e65726174657c693a313535373334393038313b),
('b7rl7tl0efhd1avqp4vb8tn2ur5noh41', '52.26.107.80', 1561912294, 0x5f5f63695f6c6173745f726567656e65726174657c693a313536313931323239343b),
('b87kjq2q1oqrm9o99ke8cch9hcc58u50', '175.136.247.29', 1547002203, 0x5f5f63695f6c6173745f726567656e65726174657c693a313534373030323230333b69647c733a313a2231223b757365726e616d657c733a353a2261646d696e223b656d61696c7c733a31353a2261646d696e40676d61696c2e636f6d223b7465616d7c733a303a22223b726f6c657c733a303a22223b6c6f676765645f696e7c623a313b6c6173745f6c6f676765647c733a32333a223039204a616e20323031392030383a35313a333220414d223b),
('b96ae6b9kuuqjfmfp56kv87lqm21od45', '66.249.65.99', 1560598444, 0x5f5f63695f6c6173745f726567656e65726174657c693a313536303539383434343b),
('b9uarc7nu8fs3nauns8mml651jjspoa4', '66.249.71.154', 1561599121, 0x5f5f63695f6c6173745f726567656e65726174657c693a313536313539393132313b),
('baf9osoagnogcirnih5r61p458qvue6t', '34.73.236.160', 1552208600, 0x5f5f63695f6c6173745f726567656e65726174657c693a313535323230383630303b),
('bfak8um6hls0r0fdrtpbpmngoan6scmv', '66.249.71.155', 1555460489, 0x5f5f63695f6c6173745f726567656e65726174657c693a313535353436303438393b),
('bhppem96g7h4rsf93rs7dreaods05i8l', '54.36.148.247', 1561698969, 0x5f5f63695f6c6173745f726567656e65726174657c693a313536313639383936393b),
('bj9bh2ak3isfgclpkld2mhbhir27s9nl', '66.249.65.99', 1551555851, 0x5f5f63695f6c6173745f726567656e65726174657c693a313535313535353835313b),
('bkb1r9729esjkjdjcr4ptcpg676vl8sh', '54.213.131.104', 1556289721, 0x5f5f63695f6c6173745f726567656e65726174657c693a313535363238393732313b),
('bm2no4ldtl0dfumo8ll5usjj9o8riie7', '210.187.202.145', 1547731595, 0x5f5f63695f6c6173745f726567656e65726174657c693a313534373733313532323b69647c733a313a2231223b757365726e616d657c733a353a2261646d696e223b656d61696c7c733a353a2261646d696e223b7465616d7c733a303a22223b726f6c657c733a303a22223b6c6f676765645f696e7c623a313b6c6173745f6c6f676765647c733a32333a223137204a616e20323031392030353a32363a333520504d223b),
('bm6rdgs37p14o1mqd6s75csn19nupdu6', '66.249.71.155', 1562507960, 0x5f5f63695f6c6173745f726567656e65726174657c693a313536323530373936303b),
('bnsulfh3uj39ddv7sk73mksa8jnbjaqp', '54.213.130.193', 1558869712, 0x5f5f63695f6c6173745f726567656e65726174657c693a313535383836393731323b),
('bpp930objdfbm6vsnnb02sdrr6b10rjq', '175.136.247.29', 1547600158, 0x5f5f63695f6c6173745f726567656e65726174657c693a313534373630303134383b69647c733a313a2231223b757365726e616d657c733a353a2261646d696e223b656d61696c7c733a353a2261646d696e223b7465616d7c733a303a22223b726f6c657c733a303a22223b6c6f676765645f696e7c623a313b6c6173745f6c6f676765647c733a32333a223136204a616e20323031392030383a34353a313220414d223b),
('bpq05us6n7njdnfo9fokvmqeb2brjk97', '34.215.88.184', 1557213653, 0x5f5f63695f6c6173745f726567656e65726174657c693a313535373231333635333b),
('bqqgolpgk2ov5mhfhv2sqad7uumtvuop', '34.219.129.150', 1559660762, 0x5f5f63695f6c6173745f726567656e65726174657c693a313535393636303736323b),
('btjk3l3dv93g6kq4isg44hk95didcofr', '34.222.233.98', 1558109201, 0x5f5f63695f6c6173745f726567656e65726174657c693a313535383130393230313b),
('c0klubalr8l423k84ktoifaaj2p9mn7r', '172.246.252.189', 1554144792, 0x5f5f63695f6c6173745f726567656e65726174657c693a313535343134343739323b),
('c1rl54g98u2504og698419defj0gp8e3', '66.249.71.154', 1562024225, 0x5f5f63695f6c6173745f726567656e65726174657c693a313536323032343232353b),
('c3edi385fqt2u9lp45445tq083ou65g0', '34.218.222.189', 1559744659, 0x5f5f63695f6c6173745f726567656e65726174657c693a313535393734343635393b),
('c3juvfohkeaqvcssk20fsv7u7v5mvf3k', '100.25.145.14', 1555355306, 0x5f5f63695f6c6173745f726567656e65726174657c693a313535353335353330363b),
('c5ebsfaoprikta0p1ets2pdclshbcjge', '54.187.161.98', 1561913899, 0x5f5f63695f6c6173745f726567656e65726174657c693a313536313931333839393b),
('c875mshpd1vnl7qduvnfj07tc0d5fi66', '209.17.97.66', 1559245762, 0x5f5f63695f6c6173745f726567656e65726174657c693a313535393234353736323b),
('c8982bhvb1c1em5nq7b4p8804nor8v24', '34.215.88.184', 1557213654, 0x5f5f63695f6c6173745f726567656e65726174657c693a313535373231333635343b),
('c8qfsncrpgk19a264llhaf2s828kt1eu', '167.71.178.177', 1562172170, 0x5f5f63695f6c6173745f726567656e65726174657c693a313536323137323137303b),
('c9pplleki8dv7td1cvv0r8dgm4jhghj3', '66.249.71.154', 1551774370, 0x5f5f63695f6c6173745f726567656e65726174657c693a313535313737343337303b),
('cb8ndabsc8m1dllo0tf3ql26phrltjd6', '34.217.70.209', 1562162579, 0x5f5f63695f6c6173745f726567656e65726174657c693a313536323136323537393b),
('cebffhrj99doj5q5i38ipmbf2in8rnqj', '54.188.51.158', 1556277146, 0x5f5f63695f6c6173745f726567656e65726174657c693a313535363237373134363b),
('cf0n93ge6b1c5eo4sm528c231p8agr5v', '66.249.65.96', 1556944007, 0x5f5f63695f6c6173745f726567656e65726174657c693a313535363934343030373b),
('ci01ddrpal41io1k94um28s6751hrk3i', '34.221.11.21', 1557768873, 0x5f5f63695f6c6173745f726567656e65726174657c693a313535373736383837333b),
('cjrdt885rft6g6tud6qfan8h4vi3fj05', '54.185.60.76', 1553513144, 0x5f5f63695f6c6173745f726567656e65726174657c693a313535333531333134343b),
('co5856d8t7bibcrbqgqd64k1ktm50pcr', '42.236.10.92', 1552298848, 0x5f5f63695f6c6173745f726567656e65726174657c693a313535323239383834383b),
('cq2fgp039goep3semoekbfrhv3638q02', '171.67.70.50', 1548222949, 0x5f5f63695f6c6173745f726567656e65726174657c693a313534383232323934393b),
('cr05himso3fu2rsq9jav7ru2uh4d584p', '54.212.149.186', 1561726846, 0x5f5f63695f6c6173745f726567656e65726174657c693a313536313732363834363b),
('cri6ecm0umtbq3iqq0hekef8sjr4r10l', '66.249.71.155', 1556171101, 0x5f5f63695f6c6173745f726567656e65726174657c693a313535363137313130313b),
('cssdlc842b20a6lfsmiuutpq94hoiq6b', '66.249.71.146', 1549460689, 0x5f5f63695f6c6173745f726567656e65726174657c693a313534393436303638393b),
('ctr9pfdicl302842c3a5ectuenktl2a7', '34.214.183.186', 1561389037, 0x5f5f63695f6c6173745f726567656e65726174657c693a313536313338393033373b),
('d0l52tec3ideov59pc3b03vj55qfn5lm', '66.249.71.146', 1549090484, 0x5f5f63695f6c6173745f726567656e65726174657c693a313534393039303438343b),
('d0qnqj5r3sfum93i46dmj9pcdpbglf1l', '54.200.44.252', 1555586739, 0x5f5f63695f6c6173745f726567656e65726174657c693a313535353538363733393b),
('d4fc4m9utue3ioobmdehacnbat7q2579', '209.17.96.234', 1555459612, 0x5f5f63695f6c6173745f726567656e65726174657c693a313535353435393631323b),
('d4oj9841acple7rdihp68i95n73427d9', '104.248.2.1', 1557172783, 0x5f5f63695f6c6173745f726567656e65726174657c693a313535373137323738333b),
('d4qd0oa2krmpk3s5phtvd88t50fdmffm', '66.249.66.87', 1561331041, 0x5f5f63695f6c6173745f726567656e65726174657c693a313536313333313034313b),
('d5gc5k6m3rs75goj2o4q630ekjcbfo11', '192.99.15.141', 1553524039, 0x5f5f63695f6c6173745f726567656e65726174657c693a313535333532343033393b),
('d6eu7suasadrrdt3hq256lq8n4dodio4', '54.188.179.60', 1557662412, 0x5f5f63695f6c6173745f726567656e65726174657c693a313535373636323431323b),
('d6hnj377fjp4s58d0tj4st9b7s7412v1', '54.190.35.177', 1561292081, 0x5f5f63695f6c6173745f726567656e65726174657c693a313536313239323038313b),
('d6mtondceo86ddfdisesr7pikr7fug0g', '18.237.100.50', 1554046830, 0x5f5f63695f6c6173745f726567656e65726174657c693a313535343034363833303b),
('d70rp2jja2091p9v10g03m2vvgshc08b', '66.249.75.222', 1554999283, 0x5f5f63695f6c6173745f726567656e65726174657c693a313535343939393238333b),
('d7c1u6f61naok9v1t6tdjcflunk3g60k', '66.249.65.126', 1555948538, 0x5f5f63695f6c6173745f726567656e65726174657c693a313535353934383533373b),
('dddnupmdi3t610865fg36647errd4oa2', '18.237.105.228', 1561204059, 0x5f5f63695f6c6173745f726567656e65726174657c693a313536313230343035393b),
('dembs3vmmgub86diefckhpmi1gdkti7h', '54.202.197.68', 1556372120, 0x5f5f63695f6c6173745f726567656e65726174657c693a313535363337323132303b),
('depopj6jokik64u9dfop6qo5gc1pore7', '34.210.255.0', 1554731065, 0x5f5f63695f6c6173745f726567656e65726174657c693a313535343733313036353b),
('df1l9v2jk5au4ndbte6aimapi4b0d4q0', '175.136.247.29', 1546502035, 0x5f5f63695f6c6173745f726567656e65726174657c693a313534363530323031383b69647c733a313a2231223b757365726e616d657c733a353a2261646d696e223b656d61696c7c733a31353a2261646d696e40676d61696c2e636f6d223b6c6f676765645f696e7c623a313b6c6173745f6c6f676765647c733a32333a223033204a616e20323031392031323a31313a353320504d223b),
('dhk6uilbqmss451sl5g98q38dda27v8v', '91.148.141.162', 1559077931, 0x5f5f63695f6c6173745f726567656e65726174657c693a313535393037373933313b),
('dl2svcr9nri3et7l0prnomustortf0nk', '34.221.58.191', 1554132478, 0x5f5f63695f6c6173745f726567656e65726174657c693a313535343133323437383b),
('dlfjv4uuh955j6bdokqielktabjm42o7', '167.71.184.137', 1562173062, 0x5f5f63695f6c6173745f726567656e65726174657c693a313536323137333036323b),
('dlpjmlkujb2usj96rb1mbtphrh5sijeg', '54.245.49.204', 1558795312, 0x5f5f63695f6c6173745f726567656e65726174657c693a313535383739353331323b),
('dmr2vdce5hh41lmdrn87l0080c8mb124', '66.249.71.154', 1558775563, 0x5f5f63695f6c6173745f726567656e65726174657c693a313535383737353536333b),
('dpkhebs4l79jueeca0etiolqrol45944', '54.187.119.144', 1558605934, 0x5f5f63695f6c6173745f726567656e65726174657c693a313535383630353933343b),
('dr0u74bnjeq80rpeemq5ocqlmmq8rmdf', '66.249.71.156', 1551980281, 0x5f5f63695f6c6173745f726567656e65726174657c693a313535313938303238313b),
('ds6dpjfgbu57mm1o5jpdra5i4pa4q9o7', '66.249.79.67', 1553872528, 0x5f5f63695f6c6173745f726567656e65726174657c693a313535333837323532383b),
('dsapnbo3q40brlecehbfugijmujfoi4t', '209.17.97.42', 1559936164, 0x5f5f63695f6c6173745f726567656e65726174657c693a313535393933363136343b),
('dvho3nem0hp7gpgociljsc3rqbcksuke', '66.249.65.99', 1551556375, 0x5f5f63695f6c6173745f726567656e65726174657c693a313535313535363337353b),
('e34u58fpkko9c6n901b8rlm8036frjcn', '185.210.219.156', 1558954362, 0x5f5f63695f6c6173745f726567656e65726174657c693a313535383935343336323b),
('e4k5m3vt5ul26b1skdbgkatukf6h412h', '66.249.65.126', 1556977648, 0x5f5f63695f6c6173745f726567656e65726174657c693a313535363937373634383b),
('e64i13f3qji3htprg3r3oimsbgiekqbs', '66.249.75.222', 1556131576, 0x5f5f63695f6c6173745f726567656e65726174657c693a313535363133313537363b),
('e7ettr4gvn8n9b696taqjj4qbmccvom1', '62.210.202.81', 1558641157, 0x5f5f63695f6c6173745f726567656e65726174657c693a313535383634313135373b),
('e8m6nf6n2j7i74vqc8u41sjc1k1sk0f2', '216.145.11.94', 1556978272, 0x5f5f63695f6c6173745f726567656e65726174657c693a313535363937383237323b),
('ea6p3djn0q4sd2t4nvr8li301hm4srlb', '64.246.187.42', 1553189362, 0x5f5f63695f6c6173745f726567656e65726174657c693a313535333138393336323b),
('eanfd3psm9jh44i738v2iuppecohp9qd', '66.249.71.156', 1561912567, 0x5f5f63695f6c6173745f726567656e65726174657c693a313536313931323536373b),
('eg1dm79d1hjvintqkarn9ra98viovqpt', '54.213.130.193', 1558869713, 0x5f5f63695f6c6173745f726567656e65726174657c693a313535383836393731333b),
('egi9356ff2qsc9spnk2ug14loqno7oki', '18.237.49.134', 1560083101, 0x5f5f63695f6c6173745f726567656e65726174657c693a313536303038333130313b),
('eil2uj78vmmrpmdnvoc47srnhkjvs7et', '54.36.150.35', 1559451865, 0x5f5f63695f6c6173745f726567656e65726174657c693a313535393435313836353b),
('erl52dcm2e0n3n7lvkp55u39tmlv2s51', '54.245.49.204', 1558795311, 0x5f5f63695f6c6173745f726567656e65726174657c693a313535383739353331313b),
('eu2eqhcpbumn65ml13vo82d1euatcv15', '209.17.97.74', 1555428460, 0x5f5f63695f6c6173745f726567656e65726174657c693a313535353432383436303b),
('f0p0oesh3hovm89u6r4dsf2331ti1nd0', '54.190.35.177', 1561292082, 0x5f5f63695f6c6173745f726567656e65726174657c693a313536313239323038323b),
('f1ueoss81iuvnba923h08plcg972jg2o', '209.209.224.215', 1556930877, 0x5f5f63695f6c6173745f726567656e65726174657c693a313535363933303837373b),
('f1vu6k0d3vpq26omcvs0pdo7gv9qjfui', '54.36.148.103', 1558788506, 0x5f5f63695f6c6173745f726567656e65726174657c693a313535383738383530363b),
('f20kmsee1t3rhhtnmggb0m6k19c1gqhu', '82.80.249.243', 1560288074, 0x5f5f63695f6c6173745f726567656e65726174657c693a313536303238383037343b),
('f7ct141eu68e5sotpvjbkfsei9dis7th', '18.237.105.228', 1561204058, 0x5f5f63695f6c6173745f726567656e65726174657c693a313536313230343035383b),
('f7ctjs64vtggeidu73bl73jt546nuahd', '175.136.247.29', 1547610013, 0x5f5f63695f6c6173745f726567656e65726174657c693a313534373631303031333b69647c733a313a2231223b757365726e616d657c733a353a2261646d696e223b656d61696c7c733a353a2261646d696e223b7465616d7c733a303a22223b726f6c657c733a303a22223b6c6f676765645f696e7c623a313b6c6173745f6c6f676765647c733a32333a223136204a616e20323031392030383a35353a353420414d223b),
('fdoi8fppu7kubpusomk7t1eh43pp79o4', '34.221.123.222', 1553943079, 0x5f5f63695f6c6173745f726567656e65726174657c693a313535333934333037393b),
('fem97aca638emalicn0iaiabv7jpsbck', '34.216.178.112', 1555248278, 0x5f5f63695f6c6173745f726567656e65726174657c693a313535353234383237383b),
('ffu2tnhm63srfg0rchdkdl5mb1ku9d5m', '175.136.247.29', 1547778867, 0x5f5f63695f6c6173745f726567656e65726174657c693a313534373737383835313b69647c733a313a2231223b757365726e616d657c733a353a2261646d696e223b656d61696c7c733a353a2261646d696e223b7465616d7c733a303a22223b726f6c657c733a303a22223b6c6f676765645f696e7c623a313b6c6173745f6c6f676765647c733a32333a223138204a616e20323031392030383a34383a343420414d223b),
('figqp53nec3jbaie7j7vr36r9ia9p3lt', '66.249.71.146', 1548545452, 0x5f5f63695f6c6173745f726567656e65726174657c693a313534383534353435323b),
('fikr13amr4vhp5ub64ilm19kibo9li5r', '54.188.172.252', 1558276841, 0x5f5f63695f6c6173745f726567656e65726174657c693a313535383237363834313b),
('fkri7tivuks28htvmpkbf5k2khae4avu', '54.36.148.60', 1556553989, 0x5f5f63695f6c6173745f726567656e65726174657c693a313535363535333938393b),
('fl8md2lnrh8fflq5fora9jeo7fcan24h', '34.211.157.73', 1557503219, 0x5f5f63695f6c6173745f726567656e65726174657c693a313535373530333231393b),
('flv39rm2k9h9gafaugf5tqr9bffmm4o0', '209.17.96.58', 1559986542, 0x5f5f63695f6c6173745f726567656e65726174657c693a313535393938363534323b),
('fm5g6acmnlrt889vl21k35ou5mhup91l', '54.191.157.22', 1562082302, 0x5f5f63695f6c6173745f726567656e65726174657c693a313536323038323330323b),
('fmid11hsgc4mif41ualfqde0egm05jcv', '175.136.247.29', 1547600492, 0x5f5f63695f6c6173745f726567656e65726174657c693a313534373630303439323b69647c733a313a2231223b757365726e616d657c733a353a2261646d696e223b656d61696c7c733a353a2261646d696e223b7465616d7c733a303a22223b726f6c657c733a303a22223b6c6f676765645f696e7c623a313b6c6173745f6c6f676765647c733a32333a223136204a616e20323031392030383a34353a313220414d223b),
('fp2nttb5coalfo3ceu9l45i6g785n4ur', '209.17.96.42', 1549102337, 0x5f5f63695f6c6173745f726567656e65726174657c693a313534393130323333373b),
('fphrv33pjuf09krhnepi8k7f3omnbm4a', '52.32.107.135', 1555337123, 0x5f5f63695f6c6173745f726567656e65726174657c693a313535353333373132333b),
('fs1o26q84vnqcae94sfmkmjnckc7nj98', '180.163.220.5', 1552297780, 0x5f5f63695f6c6173745f726567656e65726174657c693a313535323239373738303b),
('fsj0bc0gar8dmjhu3qvrejh2dkf1egnq', '209.17.96.194', 1559263185, 0x5f5f63695f6c6173745f726567656e65726174657c693a313535393236333138353b),
('fss8en8uo51l8l7ld7mr1v5b302mh9i4', '34.210.255.0', 1554731064, 0x5f5f63695f6c6173745f726567656e65726174657c693a313535343733313036343b),
('ftatpdp2p67dc912m5jpkt2okumpmi18', '66.249.71.156', 1552214797, 0x5f5f63695f6c6173745f726567656e65726174657c693a313535323231343739373b),
('g29jsr4bm1m3gud8fij7a3qp496928dj', '209.17.97.42', 1552472951, 0x5f5f63695f6c6173745f726567656e65726174657c693a313535323437323935313b),
('g2ogjfn1eloh35ogsrdr6bv98vrp0drq', '172.245.93.131', 1550297379, 0x5f5f63695f6c6173745f726567656e65726174657c693a313535303239373337393b),
('g5njq04ubksvll8l3esjf7mk6u41jc4i', '54.188.179.60', 1557662414, 0x5f5f63695f6c6173745f726567656e65726174657c693a313535373636323431343b),
('g92kdtkn2lgdhvpspb28d2qmkkbe1ou5', '35.163.158.30', 1555676141, 0x5f5f63695f6c6173745f726567656e65726174657c693a313535353637363134313b),
('gah1a1sa272q4ldju97s9ei6a18ml7u4', '66.249.71.155', 1561008351, 0x5f5f63695f6c6173745f726567656e65726174657c693a313536313030383335313b);
INSERT INTO `ci_sessions` (`id`, `ip_address`, `timestamp`, `data`) VALUES
('gcjfo95b14gi7kg5mc8kbfl6i9f95rko', '34.212.136.127', 1559574728, 0x5f5f63695f6c6173745f726567656e65726174657c693a313535393537343732383b),
('gde5g4ubrj3b18kceabea8tqem67a4mv', '54.36.148.19', 1557329514, 0x5f5f63695f6c6173745f726567656e65726174657c693a313535373332393531343b),
('gdmheg4khgnbtam9otuoi1ngs229vidt', '34.217.144.44', 1559476135, 0x5f5f63695f6c6173745f726567656e65726174657c693a313535393437363133353b),
('gfaja5dji2n3vjknin3kfieavo8v4sgr', '68.183.148.85', 1559819610, 0x5f5f63695f6c6173745f726567656e65726174657c693a313535393831393631303b),
('gi2j6aak3ibnlb8hijuf9pl6ll7p777c', '52.34.178.253', 1555758617, 0x5f5f63695f6c6173745f726567656e65726174657c693a313535353735383631373b),
('gjv9ketld5mro2ef6p5lvh54lg5499rb', '34.221.11.21', 1557768871, 0x5f5f63695f6c6173745f726567656e65726174657c693a313535373736383837313b),
('glm3gcp53acabh0id2hg4rcc4arcdumf', '175.136.247.29', 1546995573, 0x5f5f63695f6c6173745f726567656e65726174657c693a313534363939353334373b69647c733a313a2231223b757365726e616d657c733a353a2261646d696e223b656d61696c7c733a31353a2261646d696e40676d61696c2e636f6d223b7465616d7c733a303a22223b726f6c657c733a303a22223b6c6f676765645f696e7c623a313b6c6173745f6c6f676765647c733a32333a223039204a616e20323031392030383a35313a333220414d223b),
('gm093cnrtkuh01u3mjm1g04sep3dlt6b', '46.105.99.163', 1561812617, 0x5f5f63695f6c6173745f726567656e65726174657c693a313536313831323631373b),
('gmi0ero9plnt5cikrjmvb810l7h9p3mk', '66.249.66.68', 1549869143, 0x5f5f63695f6c6173745f726567656e65726174657c693a313534393836393134333b),
('gos7q7ilrq2rgamqv3g9fqfajahv51go', '66.249.66.87', 1550904623, 0x5f5f63695f6c6173745f726567656e65726174657c693a313535303930343632333b),
('gp5hpfnsr85h40osn2ml6kitod7omgk7', '34.221.120.253', 1554396543, 0x5f5f63695f6c6173745f726567656e65726174657c693a313535343339363534333b),
('gqs6c1hhte0bq5dg3m13f7jo2h38t52p', '35.202.211.77', 1557375199, 0x5f5f63695f6c6173745f726567656e65726174657c693a313535373337353139393b),
('gr8ihjt1msu38jq5l33c46psjljmv957', '216.145.11.94', 1547780595, 0x5f5f63695f6c6173745f726567656e65726174657c693a313534373738303539353b),
('grl4vbsblkojabkb8mtskd9pdgq373bf', '66.249.71.156', 1553840049, 0x5f5f63695f6c6173745f726567656e65726174657c693a313535333834303034393b),
('grtn939gvesac5pg74bckhhlg420jpra', '66.249.71.154', 1555302211, 0x5f5f63695f6c6173745f726567656e65726174657c693a313535353330323231313b),
('gsa9h320h51gjuaa8r77g6v1j6fkgqg0', '54.36.148.121', 1557948985, 0x5f5f63695f6c6173745f726567656e65726174657c693a313535373934383938353b),
('gstrsu9nelak25f5go3g88po5prui46h', '66.249.71.154', 1558774954, 0x5f5f63695f6c6173745f726567656e65726174657c693a313535383737343935343b),
('gv3e7mhnsjpshirqu6g9bcn87e2aea9s', '64.246.187.42', 1549535203, 0x5f5f63695f6c6173745f726567656e65726174657c693a313534393533353230333b),
('h0rdjjscg61f64l0267fjdi2s13q54l2', '34.210.215.94', 1557942427, 0x5f5f63695f6c6173745f726567656e65726174657c693a313535373934323432373b),
('h13t5ac9pak1qe6oo2i9fcmc6upibp41', '167.71.161.184', 1562250058, 0x5f5f63695f6c6173745f726567656e65726174657c693a313536323235303035383b),
('h2k7lbnivabht2934gcpbail6diakmp8', '34.217.1.243', 1559397994, 0x5f5f63695f6c6173745f726567656e65726174657c693a313535393339373939343b),
('h4n3754o0fk479hedbn4jl0pesvq16im', '34.244.113.222', 1559079128, 0x5f5f63695f6c6173745f726567656e65726174657c693a313535393037393132383b),
('h5fd0b081v70p8imnpcaocf2dond565f', '18.237.186.3', 1557156809, 0x5f5f63695f6c6173745f726567656e65726174657c693a313535373135363830393b),
('h5uq1hrdaorgtnm7vdt5rmrrog3aa103', '209.97.146.53', 1559527665, 0x5f5f63695f6c6173745f726567656e65726174657c693a313535393532373636353b),
('h6go9rl3f58tfa6r6vbp3j5nlrbgv85n', '34.216.116.67', 1556554321, 0x5f5f63695f6c6173745f726567656e65726174657c693a313535363535343332313b),
('hb39p5e8ca4nk7gdtreg8mk5elo83g9j', '134.209.44.221', 1559816237, 0x5f5f63695f6c6173745f726567656e65726174657c693a313535393831363233373b),
('hhj145kmacnej20lj64dd11p3ojrfos0', '66.249.71.156', 1559919048, 0x5f5f63695f6c6173745f726567656e65726174657c693a313535393931393034383b),
('hkgq26i00bnai8sg99fv54svkbiok6kh', '42.236.10.78', 1554930975, 0x5f5f63695f6c6173745f726567656e65726174657c693a313535343933303937353b),
('ho0r80oab207mi7lr31punbs1fjknv76', '66.249.66.195', 1557009945, 0x5f5f63695f6c6173745f726567656e65726174657c693a313535373030393934353b),
('i24q68c52fsdr9ubrg24l7c20pklmmkr', '54.187.161.98', 1561913900, 0x5f5f63695f6c6173745f726567656e65726174657c693a313536313931333930303b),
('i380mvjqnmnuqj8vll4p829qknrv0td6', '18.237.104.69', 1560004361, 0x5f5f63695f6c6173745f726567656e65726174657c693a313536303030343336313b),
('i3dtji18o39f7vtktq7s9nqhulm6teke', '66.249.71.146', 1549337288, 0x5f5f63695f6c6173745f726567656e65726174657c693a313534393333373238383b),
('i3lolpj59tc31u06ip2ckap5fs7rbgu9', '18.237.66.182', 1560092121, 0x5f5f63695f6c6173745f726567656e65726174657c693a313536303039323132313b),
('i4ilmso559qrj50h299dberdp29mvie3', '52.33.217.140', 1561113100, 0x5f5f63695f6c6173745f726567656e65726174657c693a313536313131333130303b),
('i6pi99l4rv8jtepp7kmfbt7b2uaasf0b', '34.208.70.227', 1556107362, 0x5f5f63695f6c6173745f726567656e65726174657c693a313535363130373336323b),
('i7g1pge7uchtig7afeq4kau0q51s3h8a', '35.163.158.30', 1555676142, 0x5f5f63695f6c6173745f726567656e65726174657c693a313535353637363134323b),
('i8140fc2d59ke8or7j3jt0gl805iuh23', '54.213.252.154', 1555507849, 0x5f5f63695f6c6173745f726567656e65726174657c693a313535353530373834393b),
('i9ut2mrr2diq47uqo22o17vr10ffvhdl', '18.237.66.182', 1560092122, 0x5f5f63695f6c6173745f726567656e65726174657c693a313536303039323132323b),
('iabbtbe5vstd5srt06eou6diats773os', '54.36.150.77', 1561431620, 0x5f5f63695f6c6173745f726567656e65726174657c693a313536313433313632303b),
('icesrq0ro6o7u9qh98sai5bt0n1n3kat', '34.213.242.226', 1554902072, 0x5f5f63695f6c6173745f726567656e65726174657c693a313535343930323037323b),
('icjd5tbfmom74jnghkm0dgal8fv2ndmd', '66.249.71.156', 1557583192, 0x5f5f63695f6c6173745f726567656e65726174657c693a313535373538333139323b),
('idgs2t1qnd7vu5jiu4elfmu451rj8cuc', '175.136.247.29', 1546855689, 0x5f5f63695f6c6173745f726567656e65726174657c693a313534363835353635313b69647c733a313a2231223b757365726e616d657c733a353a2261646d696e223b656d61696c7c733a31353a2261646d696e40676d61696c2e636f6d223b6c6f676765645f696e7c623a313b6c6173745f6c6f676765647c733a32333a223037204a616e20323031392030323a34313a353120504d223b),
('idnec8rekv75hm6rh303df276nqjlin0', '54.213.252.154', 1555507850, 0x5f5f63695f6c6173745f726567656e65726174657c693a313535353530373835303b),
('ido5k69bvg6jsg1s7o34b0k9g9pvrvlt', '66.249.71.154', 1553604793, 0x5f5f63695f6c6173745f726567656e65726174657c693a313535333630343739333b),
('idpi9n83boup6f8edr0vtctgbstlj2l7', '66.249.71.148', 1549979095, 0x5f5f63695f6c6173745f726567656e65726174657c693a313534393937393039353b),
('ig8l3e36sfa8chq3p06vo70a15971ic2', '34.220.81.64', 1558006213, 0x5f5f63695f6c6173745f726567656e65726174657c693a313535383030363231333b),
('ii6u8r012ouubfvlmffollrra3klkoc5', '34.211.58.100', 1557574050, 0x5f5f63695f6c6173745f726567656e65726174657c693a313535373537343035303b),
('ijbd9o55dniro6s4mlosdkg7on6frrpl', '34.212.131.63', 1555081072, 0x5f5f63695f6c6173745f726567656e65726174657c693a313535353038313037323b),
('il2bn0nv265gciqqsf8vbu03mhokb0uv', '34.220.103.69', 1561459526, 0x5f5f63695f6c6173745f726567656e65726174657c693a313536313435393532363b),
('il2vbk0ep3ec63kh19sehp4l7dc2rsvo', '52.43.159.148', 1561641020, 0x5f5f63695f6c6173745f726567656e65726174657c693a313536313634313032303b),
('il3rfjg9mduv7ggmmbv5sbessref5t63', '54.212.149.186', 1561726845, 0x5f5f63695f6c6173745f726567656e65726174657c693a313536313732363834353b),
('ilh0abo0gkejbm7nnipea88f28m9s763', '54.205.80.207', 1551406227, 0x5f5f63695f6c6173745f726567656e65726174657c693a313535313430363232373b),
('is61k1kkfqr3e3jnqrr312g84nlplnfs', '66.249.71.150', 1549338616, 0x5f5f63695f6c6173745f726567656e65726174657c693a313534393333383631363b),
('iu1l39vibtblgip2tehbd0ic6nc20k4h', '18.237.100.50', 1554046828, 0x5f5f63695f6c6173745f726567656e65726174657c693a313535343034363832383b),
('iu25k5a9ao8vhqc6n4k0gmo2v23h1vrk', '34.209.34.65', 1554636002, 0x5f5f63695f6c6173745f726567656e65726174657c693a313535343633363030323b),
('iu43p07c62efd1g6hftnupsntqk6j8il', '34.219.129.150', 1559660761, 0x5f5f63695f6c6173745f726567656e65726174657c693a313535393636303736313b),
('iv157trmqleio2v1boaedoeght5othav', '66.249.69.64', 1551691061, 0x5f5f63695f6c6173745f726567656e65726174657c693a313535313639313036313b),
('iv5a27vsnhcsl0rci7bo9n4lvi2ollqb', '66.249.71.154', 1559608618, 0x5f5f63695f6c6173745f726567656e65726174657c693a313535393630383631383b),
('j03mh5485nvblk817eh7taaqpk0mkk84', '66.249.71.156', 1555383786, 0x5f5f63695f6c6173745f726567656e65726174657c693a313535353338333738363b),
('j15v7mci5pg72tort45sft7mngpi280k', '209.17.96.10', 1560345956, 0x5f5f63695f6c6173745f726567656e65726174657c693a313536303334353935363b),
('j1ssejht107tpvfjcg4j60sa92esd7t9', '52.33.104.136', 1560357139, 0x5f5f63695f6c6173745f726567656e65726174657c693a313536303335373133393b),
('j4ais4fmjntpoooib2th29t1ts51oua4', '54.212.83.186', 1558614658, 0x5f5f63695f6c6173745f726567656e65726174657c693a313535383631343635383b),
('j4ajftgk0crbhjv4mdo92fgd44245n54', '52.11.76.67', 1555952598, 0x5f5f63695f6c6173745f726567656e65726174657c693a313535353935323539383b),
('j4j6gahqn7ako0olgrph994v1at6fd2l', '209.17.96.34', 1560575514, 0x5f5f63695f6c6173745f726567656e65726174657c693a313536303537353531343b),
('j54b79ukg73ds3cl8ggnhgf7vdbgm0u7', '66.249.71.156', 1551347483, 0x5f5f63695f6c6173745f726567656e65726174657c693a313535313334373438333b),
('j56vagf2387u0g75gbbvs244r5t49p6n', '52.35.2.93', 1562076605, 0x5f5f63695f6c6173745f726567656e65726174657c693a313536323037363630353b),
('j5o6kisr4prpva2k3bl03pprg29avhds', '62.210.202.81', 1557452683, 0x5f5f63695f6c6173745f726567656e65726174657c693a313535373435323638333b),
('j6s7u6j2l9d1t387cvvraun35tv3s2dk', '42.236.10.124', 1552297755, 0x5f5f63695f6c6173745f726567656e65726174657c693a313535323239373735353b),
('j7aph84u95s1o0h1m7o1ca514r8o7tfr', '52.34.91.151', 1558953151, 0x5f5f63695f6c6173745f726567656e65726174657c693a313535383935333135313b),
('ja18knopj4510jf5iiobvirt8ge63e5o', '171.67.70.65', 1548291072, 0x5f5f63695f6c6173745f726567656e65726174657c693a313534383239313037323b),
('jabhpo7cs10nf9pdeaj0vvancb2c4ude', '34.209.125.243', 1560599024, 0x5f5f63695f6c6173745f726567656e65726174657c693a313536303539393032343b),
('jedgpaalj0j7nrn8hr8l0aadal6l2s92', '209.17.96.234', 1547617421, 0x5f5f63695f6c6173745f726567656e65726174657c693a313534373631373432313b),
('jgue3sm3g157g9eqi5qjsiihmq8g6jh7', '209.17.97.122', 1553266581, 0x5f5f63695f6c6173745f726567656e65726174657c693a313535333236363538313b),
('jk912u9drbkihifrc0g9q4q0rs4sjsei', '209.17.96.18', 1556830873, 0x5f5f63695f6c6173745f726567656e65726174657c693a313535363833303837333b),
('jp4cdcb3unk232gpcpiaee4gvjpds6nk', '66.249.71.148', 1549609933, 0x5f5f63695f6c6173745f726567656e65726174657c693a313534393630393933333b),
('jql1dpjcthogace0r56lhf47gb7fptgb', '175.136.247.29', 1547004217, 0x5f5f63695f6c6173745f726567656e65726174657c693a313534373030333935353b69647c733a313a2231223b757365726e616d657c733a353a2261646d696e223b656d61696c7c733a31353a2261646d696e40676d61696c2e636f6d223b7465616d7c733a303a22223b726f6c657c733a303a22223b6c6f676765645f696e7c623a313b6c6173745f6c6f676765647c733a32333a223039204a616e20323031392030383a35313a333220414d223b),
('juodskv3u4sn3oopltah2u0bn8ik82go', '212.47.233.241', 1559547093, 0x5f5f63695f6c6173745f726567656e65726174657c693a313535393534373039333b),
('k1daqoa9sabq3c293li26oo309umodov', '52.43.153.15', 1557832381, 0x5f5f63695f6c6173745f726567656e65726174657c693a313535373833323338313b),
('k28cvhk30hl6ri7otjno4nvkfefmo60k', '209.17.97.106', 1560258495, 0x5f5f63695f6c6173745f726567656e65726174657c693a313536303235383439353b),
('k5oqmnp9e9uk9mvk5ihcmtg7s93iaq6a', '66.249.79.67', 1553997360, 0x5f5f63695f6c6173745f726567656e65726174657c693a313535333939373336303b),
('k8kk8q1u54mc0ju1128vvq6m03ncr63f', '18.236.156.90', 1556459809, 0x5f5f63695f6c6173745f726567656e65726174657c693a313535363435393830393b),
('k8l63qi5vsv02dk4e9fcifa59bt5qs3c', '175.136.247.29', 1547013850, 0x5f5f63695f6c6173745f726567656e65726174657c693a313534373031333631363b757365726e616d657c733a353a2261646d696e223b7465616d7c733a303a22223b726f6c657c733a303a22223b69647c733a313a2231223b656d61696c7c733a353a2261646d696e223b6c6f676765645f696e7c623a313b6c6173745f6c6f676765647c733a32333a223039204a616e20323031392030313a30333a343920504d223b),
('k9ofqtkhu57bdb3sn1v7jbgme23sl7lg', '210.187.202.145', 1547731496, 0x5f5f63695f6c6173745f726567656e65726174657c693a313534373733313230373b69647c733a313a2231223b757365726e616d657c733a353a2261646d696e223b656d61696c7c733a353a2261646d696e223b7465616d7c733a303a22223b726f6c657c733a303a22223b6c6f676765645f696e7c623a313b6c6173745f6c6f676765647c733a32333a223137204a616e20323031392030353a32363a333520504d223b),
('kabaijqql8o844av0t6vrlk88a60tnbp', '54.201.107.138', 1554831269, 0x5f5f63695f6c6173745f726567656e65726174657c693a313535343833313236393b),
('kc57t4hhjlo2327njvj8gqmse599rhts', '52.53.230.7', 1548138164, 0x5f5f63695f6c6173745f726567656e65726174657c693a313534383133383136343b),
('kd799r4npulmc53oq1o99v4k3oc8eur1', '209.17.97.26', 1556918848, 0x5f5f63695f6c6173745f726567656e65726174657c693a313535363931383834383b),
('kgl1jsg4u4vf5gv70oqe7vqlbcnvj7bn', '66.249.79.227', 1551807029, 0x5f5f63695f6c6173745f726567656e65726174657c693a313535313830373032393b),
('khb8a446nh9ich7pfnrkcrfojvernssf', '171.67.70.48', 1548299761, 0x5f5f63695f6c6173745f726567656e65726174657c693a313534383239393736313b),
('khnllbnsbhjt8ork4ijv6k23i43b08jr', '180.163.220.3', 1554931007, 0x5f5f63695f6c6173745f726567656e65726174657c693a313535343933313030373b),
('kjdrnd95vle3b6hp55adta9l1qdins33', '52.33.127.86', 1559294674, 0x5f5f63695f6c6173745f726567656e65726174657c693a313535393239343637343b),
('knvuus6dtc2opo9v85bguv5c2ue1qns5', '66.249.71.150', 1548706426, 0x5f5f63695f6c6173745f726567656e65726174657c693a313534383730363432363b),
('kplj2aedqjmkv925a3irug121stvkr69', '171.67.70.39', 1548999707, 0x5f5f63695f6c6173745f726567656e65726174657c693a313534383939393730373b),
('kq2pejjmo2tg244hcc79p6dqr4c6kisq', '66.249.71.155', 1560902078, 0x5f5f63695f6c6173745f726567656e65726174657c693a313536303930323037383b),
('l0h4qbvg3uasihjmsl3hrj7gpu69vphv', '66.249.71.155', 1556361421, 0x5f5f63695f6c6173745f726567656e65726174657c693a313535363336313432313b),
('l0hkmrsd6c6di23l1smeouqngelm0cio', '66.249.71.154', 1557458938, 0x5f5f63695f6c6173745f726567656e65726174657c693a313535373435383933383b),
('l1mqihovpulpeeno1mb7i4rfr70fpnvn', '34.221.112.89', 1559056856, 0x5f5f63695f6c6173745f726567656e65726174657c693a313535393035363835363b),
('l7pl4vr70b5c13m1oh0j6dj0uh6cjpfn', '54.190.168.162', 1556021743, 0x5f5f63695f6c6173745f726567656e65726174657c693a313535363032313734333b),
('l7rsbkl3sfvta4f3527241mfglrg2q97', '51.15.191.81', 1561894491, 0x5f5f63695f6c6173745f726567656e65726174657c693a313536313839343439313b),
('l8sdjma3hpulpk1agn3h2ud9dhusts5l', '66.249.71.154', 1551998991, 0x5f5f63695f6c6173745f726567656e65726174657c693a313535313939383939313b),
('lb2pr0k280jaeug3194v7ihb59np8vv2', '35.167.236.129', 1562333763, 0x5f5f63695f6c6173745f726567656e65726174657c693a313536323333333736333b),
('lgamiap4g9qpcft7fijpg6vi6sqbrdmf', '66.249.71.155', 1559565227, 0x5f5f63695f6c6173745f726567656e65726174657c693a313535393536353232373b),
('lhqpcnqh35gk842ibf3pd1d5c6f5a47h', '66.249.71.156', 1557649386, 0x5f5f63695f6c6173745f726567656e65726174657c693a313535373634393338363b),
('lishlmcekjdhar9fa4ds77udasbkbb8l', '171.13.14.24', 1552298302, 0x5f5f63695f6c6173745f726567656e65726174657c693a313535323239383330323b),
('ln96k91hjvaqlja57mrtq85d5989il59', '66.249.66.195', 1554867184, 0x5f5f63695f6c6173745f726567656e65726174657c693a313535343836373138343b),
('lofoiq7d14s6nq8qt5mbjoqjrg0m54bh', '62.210.202.81', 1556336918, 0x5f5f63695f6c6173745f726567656e65726174657c693a313535363333363931383b),
('lp1phgp7f2dpg92r64sa2hr8n7fadge3', '66.249.71.148', 1549133291, 0x5f5f63695f6c6173745f726567656e65726174657c693a313534393133333239313b),
('lp39bd5irj14eddbduid7h8g9feqqvni', '54.212.82.188', 1559228746, 0x5f5f63695f6c6173745f726567656e65726174657c693a313535393232383734363b),
('lssr59p40laaj92lf28hsg99t9q1fcq1', '175.136.247.29', 1546486126, 0x5f5f63695f6c6173745f726567656e65726174657c693a313534363438363132363b),
('lst9s0hc0a6p2flsbf4ee0scioe6pspk', '54.244.58.167', 1558525101, 0x5f5f63695f6c6173745f726567656e65726174657c693a313535383532353130313b),
('luqml7rotgdlfhbbrkhjkhb3tn7n9hq5', '51.15.76.110', 1554552932, 0x5f5f63695f6c6173745f726567656e65726174657c693a313535343535323933323b),
('m0dt2i4j61jf9jmh2rie29kufh8quhlq', '209.17.96.194', 1559698611, 0x5f5f63695f6c6173745f726567656e65726174657c693a313535393639383631313b),
('m29rj1glpr1vhb97f4p91ifkolgvroan', '66.249.71.154', 1551486731, 0x5f5f63695f6c6173745f726567656e65726174657c693a313535313438363733313b),
('m3sgjfas0mk443qeislfar1av50t62ib', '209.17.97.114', 1551534545, 0x5f5f63695f6c6173745f726567656e65726174657c693a313535313533343534353b),
('m4j0538hflbcj64l6a8mi09ra1ve7k8o', '66.249.71.156', 1552354907, 0x5f5f63695f6c6173745f726567656e65726174657c693a313535323335343930373b),
('m66u8t58gi6rflqa7m36d8cqr0di8o08', '209.141.41.103', 1556976323, 0x5f5f63695f6c6173745f726567656e65726174657c693a313535363937363332333b),
('m7nh49t6admk7ceeguc024vbf688t27m', '54.190.168.162', 1556021742, 0x5f5f63695f6c6173745f726567656e65726174657c693a313535363032313734323b),
('m8phgplth85nueomn92oak1ofmfol3k9', '54.212.82.188', 1559228749, 0x5f5f63695f6c6173745f726567656e65726174657c693a313535393232383734393b),
('mac7q5r3ij9usbulj4qg2eajpgb9a11r', '66.249.66.87', 1550935282, 0x5f5f63695f6c6173745f726567656e65726174657c693a313535303933353238323b),
('magkq33t71kspeqme6pkm7geg9ca7ale', '34.222.125.247', 1561461010, 0x5f5f63695f6c6173745f726567656e65726174657c693a313536313436313031303b),
('mdknuafdpe8js3vorkm7pgebohq0lta3', '175.136.247.29', 1546220041, 0x5f5f63695f6c6173745f726567656e65726174657c693a313534363232303034313b),
('mecj1jipoojmg9upd8rokb5iqevpkrvk', '209.17.97.90', 1547565663, 0x5f5f63695f6c6173745f726567656e65726174657c693a313534373536353636333b),
('mfjk4pq0u9ltj7v9oh5909jqc47pdrc4', '209.17.96.50', 1552614249, 0x5f5f63695f6c6173745f726567656e65726174657c693a313535323631343234393b),
('mhoe81fuv0cmicq0l8lt0fgms2ftc13c', '104.192.74.210', 1553174885, 0x5f5f63695f6c6173745f726567656e65726174657c693a313535333137343838353b),
('mjidi5qnk7svvspijgjibusn7oa6qoe2', '66.249.71.148', 1549613623, 0x5f5f63695f6c6173745f726567656e65726174657c693a313534393631333632333b),
('mkek620kttatt8e6va3smlbvrvvp4nia', '31.13.127.7', 1549102395, 0x5f5f63695f6c6173745f726567656e65726174657c693a313534393130323339353b),
('mkl0ikpslv4qrl5edg6gnqo8kb1s4phm', '34.221.129.12', 1559907934, 0x5f5f63695f6c6173745f726567656e65726174657c693a313535393930373933343b),
('mks4s6v61u402vceeuu5t8pjbip28c6m', '66.249.71.156', 1551451091, 0x5f5f63695f6c6173745f726567656e65726174657c693a313535313435313039313b),
('mlm0t89m4iupchqcdhqp2pfvmjsd9p2c', '66.249.71.148', 1549719892, 0x5f5f63695f6c6173745f726567656e65726174657c693a313534393731393839323b),
('mn5mliehgvqnijt16pu0eeor0lihb033', '34.212.14.21', 1554558394, 0x5f5f63695f6c6173745f726567656e65726174657c693a313535343535383339343b),
('mnj2mcu6nbr32a755kedt4vha1uj8sd3', '54.213.213.12', 1555421729, 0x5f5f63695f6c6173745f726567656e65726174657c693a313535353432313732393b),
('mp7nbf6ghnu4fsdvckn6gd54ap6brr5i', '212.83.146.233', 1556710859, 0x5f5f63695f6c6173745f726567656e65726174657c693a313535363731303835393b),
('mr1l89jglf01kgpigo10hlpvnvo39qto', '18.237.243.167', 1561807492, 0x5f5f63695f6c6173745f726567656e65726174657c693a313536313830373439323b),
('mrkp804ujpmjd2hpiemo56ud32879pmb', '66.249.71.155', 1550978862, 0x5f5f63695f6c6173745f726567656e65726174657c693a313535303937383836323b),
('msrbf6d5nnf9td46b6pro9l43giuo2g1', '180.163.220.5', 1554931031, 0x5f5f63695f6c6173745f726567656e65726174657c693a313535343933313033313b),
('mtot1dephc57s3ksn7l9n26oetqkl149', '209.17.96.226', 1558673354, 0x5f5f63695f6c6173745f726567656e65726174657c693a313535383637333335343b),
('muvpk5i7q0kimqrtcu4l06uu7j4it9eb', '66.249.71.150', 1550622082, 0x5f5f63695f6c6173745f726567656e65726174657c693a313535303632323038323b),
('n0sb6kbgqguu6r0avsdn2gd8f4ha958o', '54.36.148.80', 1561929960, 0x5f5f63695f6c6173745f726567656e65726174657c693a313536313932393936303b),
('n4t3f0rdf18ap95e8n72jeslu77vb6dr', '42.236.10.84', 1554930970, 0x5f5f63695f6c6173745f726567656e65726174657c693a313535343933303937303b),
('n5i3cc3fm521hh20afoqra9jn8ntt3j9', '35.165.140.102', 1554298573, 0x5f5f63695f6c6173745f726567656e65726174657c693a313535343239383537333b),
('n6dqvfi3h7ebo4r40gcn2brei2tkj60q', '66.249.71.155', 1554340037, 0x5f5f63695f6c6173745f726567656e65726174657c693a313535343334303033373b),
('n7cbmdllrreage1froviq6at840k8165', '66.249.71.156', 1554924665, 0x5f5f63695f6c6173745f726567656e65726174657c693a313535343932343636353b),
('n8gvukrtulsdg85v7up1pv0qinadj6tu', '175.136.247.29', 1547719203, 0x5f5f63695f6c6173745f726567656e65726174657c693a313534373731383935343b69647c733a313a2231223b757365726e616d657c733a353a2261646d696e223b656d61696c7c733a353a2261646d696e223b7465616d7c733a303a22223b726f6c657c733a303a22223b6c6f676765645f696e7c623a313b6c6173745f6c6f676765647c733a32333a223137204a616e20323031392030393a31313a303820414d223b),
('naee2fdvh4aqiagsldt12ovlcd981qpa', '104.192.74.210', 1553174881, 0x5f5f63695f6c6173745f726567656e65726174657c693a313535333137343838313b),
('ndnfd51j2l6a80eprknqakuej7ft1o5p', '209.17.96.42', 1561668334, 0x5f5f63695f6c6173745f726567656e65726174657c693a313536313636383333343b),
('neull1engfpknqo2mr3ovken77imtq94', '66.249.71.155', 1562389741, 0x5f5f63695f6c6173745f726567656e65726174657c693a313536323338393734313b),
('ng462aeujuct6o9qubveq74m5c6nne6i', '209.17.96.210', 1557463748, 0x5f5f63695f6c6173745f726567656e65726174657c693a313535373436333734383b),
('ngd43iqj3isiups9dg4h4fqo8l4f6i1e', '34.212.14.21', 1554558392, 0x5f5f63695f6c6173745f726567656e65726174657c693a313535343535383339323b),
('ngiq9l1a3em4mn94hcod61fabp2rkpo5', '54.184.74.184', 1555845760, 0x5f5f63695f6c6173745f726567656e65726174657c693a313535353834353736303b),
('nh10gve27dp832ctqe0jl29rg6q0uhlm', '34.212.136.127', 1559574726, 0x5f5f63695f6c6173745f726567656e65726174657c693a313535393537343732363b),
('nj4mkvpgqbmrqgei0u4ej0fp5ulgq1fs', '52.11.76.67', 1555952600, 0x5f5f63695f6c6173745f726567656e65726174657c693a313535353935323630303b),
('njjguo082hrmjpts2rv696esjcs13hrp', '34.221.68.175', 1561984217, 0x5f5f63695f6c6173745f726567656e65726174657c693a313536313938343231373b),
('njjmgetl9q3fkfqth1o0rdfk7t8foiam', '66.249.71.148', 1548859447, 0x5f5f63695f6c6173745f726567656e65726174657c693a313534383835393434373b),
('njss951qvppemfsvq9f69aeu3v07ol80', '175.136.247.29', 1547010092, 0x5f5f63695f6c6173745f726567656e65726174657c693a313534373031303039323b757365726e616d657c733a353a2261646d696e223b7465616d7c733a303a22223b726f6c657c733a303a22223b),
('njtje253ll32lj2jckdbcjotpkqmvdnh', '210.187.202.145', 1547732494, 0x5f5f63695f6c6173745f726567656e65726174657c693a313534373733323439343b69647c733a313a2231223b757365726e616d657c733a353a2261646d696e223b656d61696c7c733a353a2261646d696e223b7465616d7c733a303a22223b726f6c657c733a303a22223b6c6f676765645f696e7c623a313b6c6173745f6c6f676765647c733a32333a223137204a616e20323031392030353a32363a333520504d223b),
('nlqvsq4bam6cnmdgl33spdpfc73rbtar', '34.209.125.243', 1560599023, 0x5f5f63695f6c6173745f726567656e65726174657c693a313536303539393032333b),
('nmgpe3e7317dvccqgsf8c2b3f2bjsqir', '3.84.114.69', 1547881283, 0x5f5f63695f6c6173745f726567656e65726174657c693a313534373838313238333b),
('nom0f4gjt1ungmu88ldk2sigdu04gkq7', '209.17.96.234', 1555738381, 0x5f5f63695f6c6173745f726567656e65726174657c693a313535353733383338313b),
('nqr5n8oofmfn4vkllbg9gppa8nrb6kjk', '66.249.64.62', 1560560815, 0x5f5f63695f6c6173745f726567656e65726174657c693a313536303536303831353b),
('nr9v1n30gqq7ftn7t5atgu5obm860our', '175.136.247.29', 1547017160, 0x5f5f63695f6c6173745f726567656e65726174657c693a313534373031373038383b69647c733a313a2231223b757365726e616d657c733a353a2261646d696e223b656d61696c7c733a353a2261646d696e223b7465616d7c733a303a22223b726f6c657c733a303a22223b6c6f676765645f696e7c623a313b6c6173745f6c6f676765647c733a32333a223039204a616e20323031392030313a31333a323920504d223b),
('nrcefteg2buulifhfnjebmc6pc0ct1km', '34.216.178.112', 1555248280, 0x5f5f63695f6c6173745f726567656e65726174657c693a313535353234383238303b),
('nskd5ucj28ldha13r1si284mm1spds7b', '54.36.148.114', 1560546817, 0x5f5f63695f6c6173745f726567656e65726174657c693a313536303534363831373b),
('nsqfcrnu13nqia2jp254su7mib3pe28k', '66.249.66.222', 1555984100, 0x5f5f63695f6c6173745f726567656e65726174657c693a313535353938343130303b),
('o0qb03hvg2pau51k2rtu8djjpci9na9e', '34.211.239.27', 1558003058, 0x5f5f63695f6c6173745f726567656e65726174657c693a313535383030333035373b),
('o2gu98m40fjqfuisa4ivb1rbsituri1g', '54.213.213.12', 1555421731, 0x5f5f63695f6c6173745f726567656e65726174657c693a313535353432313733313b),
('o5t9gl5p4h00cprjv5mh5d30mp08hh8b', '35.222.164.96', 1557370875, 0x5f5f63695f6c6173745f726567656e65726174657c693a313535373337303837353b),
('o7l3f5bm4eeiro9c78est16fl7buv5c8', '175.136.247.29', 1547616182, 0x5f5f63695f6c6173745f726567656e65726174657c693a313534373631363135343b69647c733a313a2231223b757365726e616d657c733a353a2261646d696e223b656d61696c7c733a353a2261646d696e223b7465616d7c733a303a22223b726f6c657c733a303a22223b6c6f676765645f696e7c623a313b6c6173745f6c6f676765647c733a32333a223136204a616e20323031392031313a32353a303720414d223b),
('o7ou7d8r7kb3sik0qmbmq332eaoehjk3', '54.36.149.34', 1557083919, 0x5f5f63695f6c6173745f726567656e65726174657c693a313535373038333931393b),
('o8q07uegrh32qtuu5pojsic0kosm81n7', '34.220.16.38', 1560791184, 0x5f5f63695f6c6173745f726567656e65726174657c693a313536303739313138343b),
('o9c6m6f2914qq8iv6rq4e3jm7f7ulkbe', '66.249.71.154', 1552352526, 0x5f5f63695f6c6173745f726567656e65726174657c693a313535323335323532363b),
('oc789q6up67j36aoqec0ki2qsf9ud1d5', '54.185.53.153', 1556634837, 0x5f5f63695f6c6173745f726567656e65726174657c693a313535363633343833373b),
('odkhc305cac61d1ko18qdlf7vfk283op', '66.249.71.153', 1556402960, 0x5f5f63695f6c6173745f726567656e65726174657c693a313535363430323936303b),
('odkn3dr5qbu9nkojvn7outl0ukg37an4', '66.249.64.35', 1560553204, 0x5f5f63695f6c6173745f726567656e65726174657c693a313536303535333230343b),
('oe56nksfqqksgrusds76hqgobl4aj44c', '18.237.243.167', 1561807493, 0x5f5f63695f6c6173745f726567656e65726174657c693a313536313830373439333b),
('oglel5te5d7rk1hocp25fp90crq6aohr', '175.136.247.29', 1546995656, 0x5f5f63695f6c6173745f726567656e65726174657c693a313534363939353635343b69647c733a313a2231223b757365726e616d657c733a353a2261646d696e223b656d61696c7c733a31353a2261646d696e40676d61696c2e636f6d223b7465616d7c733a303a22223b726f6c657c733a303a22223b6c6f676765645f696e7c623a313b6c6173745f6c6f676765647c733a32333a223039204a616e20323031392030383a35313a333220414d223b),
('ohl27hm62aduv8d1s83gp54shqb2qtc0', '209.17.96.234', 1555759160, 0x5f5f63695f6c6173745f726567656e65726174657c693a313535353735393136303b),
('oib9q792bq4q9ue9bm8i5mtqfqiv2mjq', '209.17.96.226', 1556665966, 0x5f5f63695f6c6173745f726567656e65726174657c693a313535363636353936363b),
('oic1q6i6mf53e83qo6fp3dougp9eoo1j', '35.164.37.131', 1561807497, 0x5f5f63695f6c6173745f726567656e65726174657c693a313536313830373439373b),
('ok97mihm1l8ohl6721hi5ejnv8eftpm4', '54.36.150.97', 1559163771, 0x5f5f63695f6c6173745f726567656e65726174657c693a313535393136333737313b),
('oka2gd1e4b46er3ph96bh8c1fvc2vs7u', '23.27.153.93', 1546219854, 0x5f5f63695f6c6173745f726567656e65726174657c693a313534363231393835343b),
('ooepomks40r19v3thmchqsnphhojmdv8', '34.220.231.67', 1556649817, 0x5f5f63695f6c6173745f726567656e65726174657c693a313535363634393831373b),
('opqvnnnnd2nkc7b8s4u9k7nhn7psrqvb', '175.136.247.29', 1547007121, 0x5f5f63695f6c6173745f726567656e65726174657c693a313534373030373132313b69647c733a313a2231223b757365726e616d657c733a353a2261646d696e223b656d61696c7c733a31353a2261646d696e40676d61696c2e636f6d223b7465616d7c733a303a22223b726f6c657c733a303a22223b6c6f676765645f696e7c623a313b6c6173745f6c6f676765647c733a32333a223039204a616e20323031392030383a35313a333220414d223b),
('oq62fltubju63rmcidlb63q0q7cidivi', '18.237.130.172', 1553858799, 0x5f5f63695f6c6173745f726567656e65726174657c693a313535333835383739393b),
('or9j9qhagkk4jkej0cml67g3c2jdscg4', '54.36.148.213', 1560863436, 0x5f5f63695f6c6173745f726567656e65726174657c693a313536303836333433363b),
('otcdl9plkb13a4ada3rarkhdlfrv9sm5', '34.209.113.225', 1560691011, 0x5f5f63695f6c6173745f726567656e65726174657c693a313536303639313031313b),
('p1nrba91e027102f8ankavf36qct2t32', '54.36.149.80', 1560341792, 0x5f5f63695f6c6173745f726567656e65726174657c693a313536303334313739323b),
('p20in2l9t3mdmriv1ak76r0bpi3419j4', '209.17.97.26', 1552050013, 0x5f5f63695f6c6173745f726567656e65726174657c693a313535323035303031333b),
('p31913h8obhu4vr4toka6426lnhuj65c', '52.12.107.88', 1553698358, 0x5f5f63695f6c6173745f726567656e65726174657c693a313535333639383335383b),
('p4v7334daet3jegb5l954mbun8m1di5d', '209.17.96.234', 1562081252, 0x5f5f63695f6c6173745f726567656e65726174657c693a313536323038313235323b),
('p541ls76t1lqsck46bb84radieph62t7', '34.221.62.239', 1560874872, 0x5f5f63695f6c6173745f726567656e65726174657c693a313536303837343837323b),
('p7kd0m45uhcgchu1t0th6b77643co3o2', '52.35.2.93', 1562076606, 0x5f5f63695f6c6173745f726567656e65726174657c693a313536323037363630363b),
('p8e7on025utdqevfdhee04q0v4ecevb0', '66.249.71.150', 1548820511, 0x5f5f63695f6c6173745f726567656e65726174657c693a313534383832303531313b),
('p8e9fsp1ri753q04uchvnp51da2qmlpa', '66.249.71.154', 1554026980, 0x5f5f63695f6c6173745f726567656e65726174657c693a313535343032363938303b),
('pc4h5rmq7g7oc5rhp20dqbgouc86uism', '34.219.33.66', 1562443420, 0x5f5f63695f6c6173745f726567656e65726174657c693a313536323434333432303b),
('pccbni8pl6rcf3i6lclkr73eniju63ts', '34.221.58.191', 1554132479, 0x5f5f63695f6c6173745f726567656e65726174657c693a313535343133323437393b),
('ph0673t7bnqlp0t354omrkeejodcituf', '18.237.52.188', 1560268607, 0x5f5f63695f6c6173745f726567656e65726174657c693a313536303236383630373b),
('phukcv16dkeers2dg1i0g67mtn22tgjh', '54.188.172.252', 1558276839, 0x5f5f63695f6c6173745f726567656e65726174657c693a313535383237363833393b),
('pipctieev9gu4q2c0a3vljm7q11hp004', '66.249.66.192', 1557001550, 0x5f5f63695f6c6173745f726567656e65726174657c693a313535373030313535303b),
('pkl0l6uqfl4quhaejo50c9jv9tlgeqbs', '34.222.233.98', 1558109203, 0x5f5f63695f6c6173745f726567656e65726174657c693a313535383130393230333b),
('pld4kmo1atoc1f3r0mm0m8t88sqeqgs1', '62.210.202.81', 1557452664, 0x5f5f63695f6c6173745f726567656e65726174657c693a313535373435323636343b),
('plu2fvpgvjs991llirdqkgnmjhoft7iu', '66.249.71.156', 1554335132, 0x5f5f63695f6c6173745f726567656e65726174657c693a313535343333353133323b),
('pnlork2ltc8pr89mq3nqk1pkhe13mcul', '34.221.68.175', 1561984216, 0x5f5f63695f6c6173745f726567656e65726174657c693a313536313938343231363b),
('ppbgag27iaa2fp061qg9e49pgrtnesjj', '34.209.113.225', 1560691012, 0x5f5f63695f6c6173745f726567656e65726174657c693a313536303639313031323b),
('pq6c5jpjiddpdvjts4a14g80i4njmi31', '66.249.65.99', 1556970320, 0x5f5f63695f6c6173745f726567656e65726174657c693a313535363937303332303b),
('q1s9qa5ce0ihg5su59hhbr0lpb4qjk20', '62.210.202.81', 1557101218, 0x5f5f63695f6c6173745f726567656e65726174657c693a313535373130313231383b),
('q3ckt23mfpcog8k4d0qejovmkiqpc3l6', '51.15.228.152', 1561381010, 0x5f5f63695f6c6173745f726567656e65726174657c693a313536313338313031303b),
('q463p0fka3sd7nfmiqu18gu1nmlo4ha8', '52.39.89.61', 1561733636, 0x5f5f63695f6c6173745f726567656e65726174657c693a313536313733333633363b),
('q5uhtdgbs0u8mhboe9uicltqf2e3s6c8', '198.37.112.5', 1554555003, 0x5f5f63695f6c6173745f726567656e65726174657c693a313535343535353030333b),
('qch7euebi5nfnsjjvv6rj1iq2k71va3o', '66.249.71.156', 1559512221, 0x5f5f63695f6c6173745f726567656e65726174657c693a313535393531323232313b),
('qi3mdjstb32tr890orf9m5bon4mefeo0', '34.246.250.62', 1546615555, 0x5f5f63695f6c6173745f726567656e65726174657c693a313534363631353535343b),
('qid0m5gq0ja3bsd0eobl4ierd0q3u387', '54.189.175.242', 1559835370, 0x5f5f63695f6c6173745f726567656e65726174657c693a313535393833353337303b),
('qidbaq9e8hq6eoid8rgcj2ebmb9p9kcc', '130.211.201.88', 1557357671, 0x5f5f63695f6c6173745f726567656e65726174657c693a313535373335373637313b),
('qjbmomrej1nbdfimbc1t78q7r91hipjn', '52.42.140.96', 1562165447, 0x5f5f63695f6c6173745f726567656e65726174657c693a313536323136353434373b),
('qjvikug5r3kiuicvt6msfvrvfgq2u6me', '91.206.14.10', 1551772337, 0x5f5f63695f6c6173745f726567656e65726174657c693a313535313737323333373b),
('qk7rgopo4rlf80654m2o4pp8cmdhf72g', '42.236.10.78', 1562134908, 0x5f5f63695f6c6173745f726567656e65726174657c693a313536323133343930383b),
('qli64du8cl5hre5r5j91ised6cdl1hoq', '66.249.71.154', 1553606605, 0x5f5f63695f6c6173745f726567656e65726174657c693a313535333630363630353b),
('qqan9ro4v3hpv11dmkqdeh1j1hiklm52', '34.210.215.94', 1557942426, 0x5f5f63695f6c6173745f726567656e65726174657c693a313535373934323432363b),
('qrcu78srsqjv1kf0naks8dvcsvudge3a', '66.249.71.154', 1559389075, 0x5f5f63695f6c6173745f726567656e65726174657c693a313535393338393037353b),
('qrtb3g57hpob2knsae9i7os41t8uaeba', '209.17.96.202', 1558150305, 0x5f5f63695f6c6173745f726567656e65726174657c693a313535383135303330353b),
('qs5k21bcfaka1eltlu94lneh7s66if5g', '209.97.158.169', 1557176555, 0x5f5f63695f6c6173745f726567656e65726174657c693a313535373137363535353b),
('qtpct7dm349g6sm948fdjme4q1jpds3k', '66.249.65.126', 1554841582, 0x5f5f63695f6c6173745f726567656e65726174657c693a313535343834313538323b),
('qu5nsl0sdikenurbemtoho6ebr49rjhp', '209.17.96.194', 1553083729, 0x5f5f63695f6c6173745f726567656e65726174657c693a313535333038333732393b),
('qvdnktqk8ukljctnq7ok2pdavs6grf22', '34.220.16.38', 1560791183, 0x5f5f63695f6c6173745f726567656e65726174657c693a313536303739313138333b),
('r18p23s616l7o9cb055li58oenm93ppq', '54.201.107.138', 1554831270, 0x5f5f63695f6c6173745f726567656e65726174657c693a313535343833313237303b),
('r4chr4392v00c3u2s7udrprvmqlcv98i', '175.136.247.29', 1547003694, 0x5f5f63695f6c6173745f726567656e65726174657c693a313534373030333530353b69647c733a313a2231223b757365726e616d657c733a353a2261646d696e223b656d61696c7c733a31353a2261646d696e40676d61696c2e636f6d223b7465616d7c733a303a22223b726f6c657c733a303a22223b6c6f676765645f696e7c623a313b6c6173745f6c6f676765647c733a32333a223039204a616e20323031392030383a35313a333220414d223b),
('r5a0ip4j3qpn3g2p326hkm42ehs7gk7o', '54.36.150.138', 1556028723, 0x5f5f63695f6c6173745f726567656e65726174657c693a313535363032383732333b),
('r6fig0uf120bsnv8ivd2pcjtr371822t', '66.249.71.155', 1553564427, 0x5f5f63695f6c6173745f726567656e65726174657c693a313535333536343432373b),
('r70np7ac2ndj7b8g0fei8ratvfln04kr', '66.249.71.148', 1550180069, 0x5f5f63695f6c6173745f726567656e65726174657c693a313535303138303036383b),
('radu3pqdtgahqio2sa8hdhfec9hq8bsf', '54.68.41.223', 1560429564, 0x5f5f63695f6c6173745f726567656e65726174657c693a313536303432393536343b),
('ravvms98ve0icdno78sse4red19197ad', '34.218.49.213', 1562505986, 0x5f5f63695f6c6173745f726567656e65726174657c693a313536323530353938363b),
('rd2ncrh6su0m62n4uecsi3lm6e6rhp81', '175.136.247.29', 1546223526, 0x5f5f63695f6c6173745f726567656e65726174657c693a313534363232333335333b),
('rejfjj0qe4jroad8627bmtfli0n9piv9', '209.17.96.34', 1555086021, 0x5f5f63695f6c6173745f726567656e65726174657c693a313535353038363032313b),
('rghsn7aut7l2ik6f6sot193m1d8uie28', '175.136.247.29', 1547013612, 0x5f5f63695f6c6173745f726567656e65726174657c693a313534373031333331333b757365726e616d657c733a353a2261646d696e223b7465616d7c733a303a22223b726f6c657c733a303a22223b69647c733a313a2231223b656d61696c7c733a353a2261646d696e223b6c6f676765645f696e7c623a313b6c6173745f6c6f676765647c733a32333a223039204a616e20323031392030313a30333a343920504d223b),
('rgugct18rngeu25p47bdh3adj1fa5j1k', '66.249.71.155', 1561849450, 0x5f5f63695f6c6173745f726567656e65726174657c693a313536313834393435303b),
('rilebtjh5rlevkvra2p8tetgv36qce1s', '66.249.71.154', 1557510234, 0x5f5f63695f6c6173745f726567656e65726174657c693a313535373531303233343b),
('rnars3h2ulspgn3h5j62o1n6l8kob8sp', '66.249.71.156', 1551487300, 0x5f5f63695f6c6173745f726567656e65726174657c693a313535313438373330303b),
('rnl80uqp4raf7a73asn6dhvgcjdouemh', '209.17.96.242', 1553817485, 0x5f5f63695f6c6173745f726567656e65726174657c693a313535333831373438353b),
('ro1imjql9m9dk3dksbg10pbkdumuq4g0', '193.70.34.209', 1557912747, 0x5f5f63695f6c6173745f726567656e65726174657c693a313535373931323734373b),
('ro2rvtfgcbla96goom1r0hcub32ekgll', '34.221.112.89', 1559056855, 0x5f5f63695f6c6173745f726567656e65726174657c693a313535393035363835353b),
('roma3hsqgi9vb51hij5lbfancs9f84fb', '34.222.77.122', 1561034810, 0x5f5f63695f6c6173745f726567656e65726174657c693a313536313033343831303b),
('rskidh6631b9caos1ev58d5mq8uhkvd6', '209.17.96.242', 1560448198, 0x5f5f63695f6c6173745f726567656e65726174657c693a313536303434383139383b),
('rviq3kri0eus7dsg7d4hp3l2hb4bmhfs', '66.249.71.148', 1549780185, 0x5f5f63695f6c6173745f726567656e65726174657c693a313534393738303138353b),
('s0fbn52b2vue3ijl1qsr2llf2d2dk922', '185.249.197.229', 1552171281, 0x5f5f63695f6c6173745f726567656e65726174657c693a313535323137313238313b),
('s0g9sj34lqf0ebii34ovcdveql38508g', '45.56.155.99', 1547169606, 0x5f5f63695f6c6173745f726567656e65726174657c693a313534373136393630363b),
('s0s366fkekj18ciolttc6ki8frg5hha6', '35.163.146.130', 1556807124, 0x5f5f63695f6c6173745f726567656e65726174657c693a313535363830373132343b),
('s5m7sci22es2tee6mrqfapki7034hi4l', '66.249.71.155', 1557386878, 0x5f5f63695f6c6173745f726567656e65726174657c693a313535373338363837383b),
('s67cvppfnn3nsbr0u7p0c5attnfu66mc', '54.212.241.1', 1554481655, 0x5f5f63695f6c6173745f726567656e65726174657c693a313535343438313635353b),
('s6pttt3e3toee1vhkc9hglbo57vda296', '34.222.111.86', 1554304723, 0x5f5f63695f6c6173745f726567656e65726174657c693a313535343330343732333b),
('s9fke9vov94ne9qaj7rbuorefjgamd33', '54.68.103.163', 1556730508, 0x5f5f63695f6c6173745f726567656e65726174657c693a313535363733303530383b),
('sb02i5eg7ebcoma7moddjfaet30q9prc', '66.249.71.156', 1555643525, 0x5f5f63695f6c6173745f726567656e65726174657c693a313535353634333532353b),
('shlf5ah8e6ag3ifbpcjm880nec5be4vo', '62.4.14.206', 1561889149, 0x5f5f63695f6c6173745f726567656e65726174657c693a313536313838393134393b),
('sjba9e5klmk612m6ufnhe983ab6q62f0', '52.43.159.148', 1561641021, 0x5f5f63695f6c6173745f726567656e65726174657c693a313536313634313032313b),
('sk1r80hdfnens3lv5ehr2t3knbi3qeee', '66.249.65.99', 1556938480, 0x5f5f63695f6c6173745f726567656e65726174657c693a313535363933383438303b),
('skaphl542dk2v44hhdqj5i3mr88nc87q', '154.16.85.235', 1554780550, 0x5f5f63695f6c6173745f726567656e65726174657c693a313535343738303535303b),
('sm1sksjt1rjtu9jpumai249vohfefs98', '52.32.107.135', 1555337122, 0x5f5f63695f6c6173745f726567656e65726174657c693a313535353333373132323b),
('snoradu5275c1kiqecr26vdkphi5ja8c', '175.136.247.29', 1547014395, 0x5f5f63695f6c6173745f726567656e65726174657c693a313534373031343131373b69647c733a313a2236223b757365726e616d657c733a31313a224c6965772044617272656e223b656d61696c7c733a32303a226c69657764617272656e40676d61696c2e636f6d223b7465616d7c733a313a2234223b726f6c657c733a313a2235223b6c6f676765645f696e7c623a313b6c6173745f6c6f676765647c4e3b),
('srdgehb89a79bfc8crb0bed9ouc72nf5', '34.217.1.243', 1559397995, 0x5f5f63695f6c6173745f726567656e65726174657c693a313535393339373939353b),
('stglrtrlaga1g8f5ul2akjl0182dugpq', '66.249.71.155', 1559548364, 0x5f5f63695f6c6173745f726567656e65726174657c693a313535393534383336343b),
('t17r7gtj36gnn0d5itgut8cjdc7aqb8c', '34.211.201.182', 1560791163, 0x5f5f63695f6c6173745f726567656e65726174657c693a313536303739313136333b),
('t66n9tsq03gbulo5m5ttsokr196p7069', '66.249.71.155', 1556210272, 0x5f5f63695f6c6173745f726567656e65726174657c693a313535363231303237323b),
('t6hmg5s63rninnvfm3oav7c41utg4aui', '34.221.120.253', 1554396544, 0x5f5f63695f6c6173745f726567656e65726174657c693a313535343339363534343b),
('tb544b59eb5t43c44kg30bconamn8n7k', '62.210.202.81', 1558641138, 0x5f5f63695f6c6173745f726567656e65726174657c693a313535383634313133383b),
('tcbl3v70gjalfrggv65n8u202ep0r1i6', '66.249.71.148', 1548754973, 0x5f5f63695f6c6173745f726567656e65726174657c693a313534383735343937333b),
('td1mb9opiencas16ig038m4kk0n17vl9', '51.158.98.255', 1560029667, 0x5f5f63695f6c6173745f726567656e65726174657c693a313536303032393636373b),
('tg1ipp8redreuobfu10g2a72k7u1d051', '54.36.148.103', 1557876694, 0x5f5f63695f6c6173745f726567656e65726174657c693a313535373837363639343b),
('thgbrdouboim8o9n4ddlkslvj76tofre', '66.249.64.35', 1553529251, 0x5f5f63695f6c6173745f726567656e65726174657c693a313535333532393235313b),
('thhncj08dmqctg61utshausn1jb8agvh', '34.222.10.132', 1559294866, 0x5f5f63695f6c6173745f726567656e65726174657c693a313535393239343836363b),
('tiieb20p70a3vfua3i1gp0s6a6ehe32n', '185.93.3.114', 1562206399, 0x5f5f63695f6c6173745f726567656e65726174657c693a313536323230363339393b),
('tovg65c42absp7cjqnpm0rhd86mg5s6p', '66.249.71.155', 1556286289, 0x5f5f63695f6c6173745f726567656e65726174657c693a313535363238363238393b),
('tqlbfkg2g1ickinbnluopbu96s429btk', '54.202.16.154', 1559744679, 0x5f5f63695f6c6173745f726567656e65726174657c693a313535393734343637393b),
('tubnh9t57rs4d0qs08ofk5dpaaduccgi', '178.162.216.32', 1554685665, 0x5f5f63695f6c6173745f726567656e65726174657c693a313535343638353636353b),
('tvlb1rcb4dc58hfaeg62fu8rjh5urpmn', '34.221.137.111', 1560943944, 0x5f5f63695f6c6173745f726567656e65726174657c693a313536303934333934343b),
('u1lgjbbdg9hn9ijiquu7ub29or98g93e', '209.17.96.66', 1552445872, 0x5f5f63695f6c6173745f726567656e65726174657c693a313535323434353837323b),
('u35cgvurjiv1tam6l1igri22mgb77c3u', '3.89.248.210', 1551849793, 0x5f5f63695f6c6173745f726567656e65726174657c693a313535313834393739333b),
('u3m2l2rflb0a7k2rlhhq20d9sso1kh2a', '54.36.148.103', 1558147181, 0x5f5f63695f6c6173745f726567656e65726174657c693a313535383134373138313b),
('u6acebjakbufvjupfu0ttg232gnvdghi', '209.17.96.42', 1556231433, 0x5f5f63695f6c6173745f726567656e65726174657c693a313535363233313433333b),
('u6gphvtmcgh5abn5jjufl3b52lqs8646', '54.173.147.189', 1559627312, 0x5f5f63695f6c6173745f726567656e65726174657c693a313535393632373331323b),
('u6h8v820g8fc19gkuqmfqbdjm2378j9t', '54.36.148.238', 1558669021, 0x5f5f63695f6c6173745f726567656e65726174657c693a313535383636393032313b),
('uefssqlu30t49gqdadnnit82vstau0dl', '54.191.78.59', 1558439743, 0x5f5f63695f6c6173745f726567656e65726174657c693a313535383433393734333b),
('uh8eqbsiqe0u95h8nu57opaf35e67idd', '175.136.247.29', 1547609142, 0x5f5f63695f6c6173745f726567656e65726174657c693a313534373630393031393b69647c733a313a2231223b757365726e616d657c733a353a2261646d696e223b656d61696c7c733a353a2261646d696e223b7465616d7c733a303a22223b726f6c657c733a303a22223b6c6f676765645f696e7c623a313b6c6173745f6c6f676765647c733a32333a223136204a616e20323031392030383a35353a353420414d223b),
('uhdn3salggmik5sd03jh57n79fst2948', '64.246.178.34', 1558887526, 0x5f5f63695f6c6173745f726567656e65726174657c693a313535383838373532363b),
('uhedojp40k9e042vs53vo4abqva6ookv', '209.17.97.74', 1554163568, 0x5f5f63695f6c6173745f726567656e65726174657c693a313535343136333536383b),
('ui9a4hholeicgjkr1ea7r5sntl22t84e', '66.249.71.146', 1550475617, 0x5f5f63695f6c6173745f726567656e65726174657c693a313535303437353631373b),
('ul92ropmnel3aen03bp3k7q4efqes46d', '35.160.6.212', 1560175460, 0x5f5f63695f6c6173745f726567656e65726174657c693a313536303137353435393b),
('uo1ee8cg5tocedv01m44famt0s1habu6', '209.17.96.50', 1558765840, 0x5f5f63695f6c6173745f726567656e65726174657c693a313535383736353834303b),
('uo8djslcvbn0mhsldfe97ac0kttr0r4a', '35.222.88.212', 1557352632, 0x5f5f63695f6c6173745f726567656e65726174657c693a313535373335323633323b),
('uq4ij7ni3s30ae95r31i4a3c56l7lf27', '42.236.10.117', 1552298915, 0x5f5f63695f6c6173745f726567656e65726174657c693a313535323239383931353b),
('uqsbf19td0c8obqgbb4q7e705sp4rv42', '66.249.64.62', 1551172358, 0x5f5f63695f6c6173745f726567656e65726174657c693a313535313137323335383b),
('ut1hvvq3aac2k6t4te2qj9fplgssdp42', '34.209.34.65', 1554636003, 0x5f5f63695f6c6173745f726567656e65726174657c693a313535343633363030333b),
('ut3kaab8h6j4kir23kh1acnnro727j4m', '34.220.81.64', 1558006211, 0x5f5f63695f6c6173745f726567656e65726174657c693a313535383030363231313b),
('utq4aglk69mvoj5kf6jgf4k1aateug45', '209.17.96.218', 1556085844, 0x5f5f63695f6c6173745f726567656e65726174657c693a313535363038353834343b),
('uuc0fajr4usmocusuahsvi4caeqh7o4a', '52.26.34.95', 1554132505, 0x5f5f63695f6c6173745f726567656e65726174657c693a313535343133323530353b),
('v1fbnfbpjrfeubkhba0b4iujo5pvd6ro', '52.26.57.127', 1560521554, 0x5f5f63695f6c6173745f726567656e65726174657c693a313536303532313535343b),
('v3pcgmfu169895prsfgpge366bm3u6u4', '54.189.175.242', 1559835369, 0x5f5f63695f6c6173745f726567656e65726174657c693a313535393833353336393b),
('v5imdi3urn1iob5u46un5mnptpvq2b9n', '66.249.71.155', 1555348935, 0x5f5f63695f6c6173745f726567656e65726174657c693a313535353334383933353b),
('v5u2bl9qkq6h6dlo78ai9cgbcfvafba5', '52.43.153.15', 1557832379, 0x5f5f63695f6c6173745f726567656e65726174657c693a313535373833323337393b),
('vb94oqh4ejtgbpur89j44crgn29duhta', '35.239.142.190', 1557340856, 0x5f5f63695f6c6173745f726567656e65726174657c693a313535373334303835363b),
('vboqdgkur9kdq9ucepu4r5s74hnvf479', '66.249.79.94', 1557489724, 0x5f5f63695f6c6173745f726567656e65726174657c693a313535373438393732343b),
('vc53nfu4p1gi1lb8ap3bt7l8c47fb70c', '66.249.71.155', 1553562712, 0x5f5f63695f6c6173745f726567656e65726174657c693a313535333536323731323b),
('vcsrntfhm7dn1g9flbhlr3o6b95g9lpo', '34.212.131.63', 1555081073, 0x5f5f63695f6c6173745f726567656e65726174657c693a313535353038313037333b),
('vfdhkf6gv1h6ocn77qe59ltgop3qqvn3', '18.237.55.95', 1557316915, 0x5f5f63695f6c6173745f726567656e65726174657c693a313535373331363931353b),
('vgi7p1v8iu2cah32605c9q6sih8p2b6p', '66.249.69.96', 1559209345, 0x5f5f63695f6c6173745f726567656e65726174657c693a313535393230393334353b),
('vicepli9lu1h4ak3ke89v3h26mf2rbfn', '18.237.186.3', 1557156810, 0x5f5f63695f6c6173745f726567656e65726174657c693a313535373135363831303b),
('vjrecj5jbk94slev8er3tjbqs9p0r0vg', '209.17.97.106', 1560907191, 0x5f5f63695f6c6173745f726567656e65726174657c693a313536303930373139313b),
('vjtq5jk0u7vbst75ht0barsraoknsusa', '18.237.55.95', 1557316917, 0x5f5f63695f6c6173745f726567656e65726174657c693a313535373331363931373b),
('vkj3g416qujc4lb91he0uhg63kaup797', '175.136.247.29', 1546223666, 0x5f5f63695f6c6173745f726567656e65726174657c693a313534363232333337373b),
('vkv9hpuht3g85macsv069tj8u0tingqi', '34.219.33.66', 1562443419, 0x5f5f63695f6c6173745f726567656e65726174657c693a313536323434333431393b),
('vnpcdbuaqca6qhvuld5f8koo503d2hab', '54.36.150.146', 1559277991, 0x5f5f63695f6c6173745f726567656e65726174657c693a313535393237373939313b),
('vouot00qopj326tlg3qelg0dh7bur08j', '209.17.97.50', 1551831831, 0x5f5f63695f6c6173745f726567656e65726174657c693a313535313833313833313b),
('vqj5l65hp0rj2uvct4h452dpvr8eatbt', '209.17.96.26', 1556269075, 0x5f5f63695f6c6173745f726567656e65726174657c693a313535363236393037353b),
('vr07p6ade8genjr145n8hottle4a8pph', '54.212.83.186', 1558614657, 0x5f5f63695f6c6173745f726567656e65726174657c693a313535383631343635373b);

-- --------------------------------------------------------

--
-- Table structure for table `project_completion`
--

CREATE TABLE `project_completion` (
  `id` int(11) NOT NULL,
  `project_id` int(255) NOT NULL COMMENT 'tbl project_setup id',
  `block` varchar(255) NOT NULL,
  `completion_commencement` datetime NOT NULL,
  `completion_date` datetime NOT NULL,
  `completion_latest_eot` datetime NOT NULL,
  `completion_level_quantity` int(255) NOT NULL,
  `completion_unit_quantity` int(255) NOT NULL,
  `create_date` datetime NOT NULL,
  `create_by` varchar(255) NOT NULL,
  `update_date` datetime(6) NOT NULL,
  `update_by` varchar(255) NOT NULL
) ENGINE=InnoDB DEFAULT CHARSET=utf8;

--
-- Dumping data for table `project_completion`
--

INSERT INTO `project_completion` (`id`, `project_id`, `block`, `completion_commencement`, `completion_date`, `completion_latest_eot`, `completion_level_quantity`, `completion_unit_quantity`, `create_date`, `create_by`, `update_date`, `update_by`) VALUES
(1, 1, 'a', '2019-01-02 00:00:00', '2019-01-02 00:00:00', '2019-01-02 00:00:00', 10, 10, '2019-01-16 09:22:30', 'admin', '0000-00-00 00:00:00.000000', 'admin'),
(2, 2, 'B1', '1970-01-01 00:00:00', '1970-01-01 00:00:00', '1970-01-01 00:00:00', 10, 10, '2019-01-17 02:18:19', 'admin', '0000-00-00 00:00:00.000000', 'admin'),
(3, 2, 'C', '1970-01-01 00:00:00', '2019-01-02 00:00:00', '2019-01-02 00:00:00', 15, 10, '2019-01-17 02:18:19', 'admin', '0000-00-00 00:00:00.000000', 'admin'),
(8, 5, 'A', '2019-01-22 00:00:00', '2019-01-22 00:00:00', '2019-01-29 00:00:00', 10, 10, '2019-01-17 02:43:11', 'admin', '0000-00-00 00:00:00.000000', 'admin'),
(9, 5, 'B', '2019-01-29 00:00:00', '2019-01-23 00:00:00', '2019-01-30 00:00:00', 10, 10, '2019-01-17 02:43:11', 'admin', '0000-00-00 00:00:00.000000', 'admin'),
(10, 5, 'C', '2019-01-22 00:00:00', '2019-01-23 00:00:00', '2019-01-16 00:00:00', 10, 10, '2019-01-17 02:43:11', 'admin', '0000-00-00 00:00:00.000000', 'admin'),
(13, 3, 'C', '2019-01-01 00:00:00', '2019-01-01 00:00:00', '2019-01-01 00:00:00', 10, 10, '2019-01-17 07:18:52', 'admin', '0000-00-00 00:00:00.000000', 'admin'),
(14, 3, 'D', '2019-01-01 00:00:00', '2019-01-01 00:00:00', '2019-01-01 00:00:00', 10, 10, '2019-01-17 07:18:52', 'admin', '0000-00-00 00:00:00.000000', 'admin'),
(15, 4, 'A', '2019-01-17 00:00:00', '2019-01-17 00:00:00', '2019-01-17 00:00:00', 10, 10, '2019-01-17 07:21:03', 'admin', '0000-00-00 00:00:00.000000', 'admin'),
(16, 4, 'B', '2019-01-17 00:00:00', '2019-01-17 00:00:00', '2019-01-17 00:00:00', 10, 10, '2019-01-17 07:21:03', 'admin', '0000-00-00 00:00:00.000000', 'admin'),
(19, 6, 'A', '2019-01-01 00:00:00', '2019-01-01 00:00:00', '2019-01-01 00:00:00', 10, 10, '2019-01-17 09:04:29', 'admin', '2019-01-17 09:04:29.000000', 'admin'),
(20, 6, 'B', '2019-01-01 00:00:00', '2019-01-01 00:00:00', '2019-09-01 00:00:00', 10, 10, '2019-01-17 09:04:29', 'admin', '2019-01-17 09:04:29.000000', 'admin');

-- --------------------------------------------------------

--
-- Table structure for table `project_planned`
--

CREATE TABLE `project_planned` (
  `id` int(255) NOT NULL,
  `project_id` int(255) NOT NULL COMMENT 'tbl project_setup id',
  `block` varchar(255) NOT NULL,
  `planned_fcf_submission` datetime NOT NULL,
  `planned_production_order` datetime NOT NULL,
  `planned_team_issued` datetime NOT NULL,
  `planned_installation_start` datetime NOT NULL,
  `planned_completion_date` datetime NOT NULL,
  `planned_dlp_end` datetime NOT NULL,
  `create_date` datetime NOT NULL,
  `create_by` varchar(255) NOT NULL,
  `update_date` datetime NOT NULL,
  `update_by` varchar(255) NOT NULL
) ENGINE=InnoDB DEFAULT CHARSET=utf8;

--
-- Dumping data for table `project_planned`
--

INSERT INTO `project_planned` (`id`, `project_id`, `block`, `planned_fcf_submission`, `planned_production_order`, `planned_team_issued`, `planned_installation_start`, `planned_completion_date`, `planned_dlp_end`, `create_date`, `create_by`, `update_date`, `update_by`) VALUES
(1, 1, 'a', '2019-01-02 00:00:00', '2019-01-02 00:00:00', '2019-01-02 00:00:00', '2019-01-02 00:00:00', '2019-01-02 00:00:00', '2019-01-02 00:00:00', '2019-01-16 09:22:30', 'admin', '0000-00-00 00:00:00', 'admin'),
(2, 2, 'B1', '1970-01-01 00:00:00', '1970-01-01 00:00:00', '2019-09-02 00:00:00', '1970-01-01 00:00:00', '1970-01-01 00:00:00', '2019-03-02 00:00:00', '2019-01-17 02:18:19', 'admin', '2019-01-17 02:18:19', 'admin'),
(7, 5, 'A', '2019-01-23 00:00:00', '2019-01-30 00:00:00', '2019-01-30 00:00:00', '2019-01-24 00:00:00', '2019-01-22 00:00:00', '2019-01-28 00:00:00', '2019-01-17 02:43:11', 'admin', '2019-01-17 02:43:11', 'admin'),
(10, 3, 'a', '2019-01-01 00:00:00', '2019-01-01 00:00:00', '2019-01-01 00:00:00', '2019-01-01 00:00:00', '2019-01-01 00:00:00', '2019-01-01 00:00:00', '2019-01-17 07:18:52', 'admin', '2019-01-17 07:18:52', 'admin'),
(11, 3, 'a', '2019-01-01 00:00:00', '2019-01-02 00:00:00', '1970-01-01 00:00:00', '2019-01-01 00:00:00', '2019-01-01 00:00:00', '2019-01-01 00:00:00', '2019-01-17 07:18:52', 'admin', '2019-01-17 07:18:52', 'admin'),
(12, 4, 'C', '2019-01-17 00:00:00', '2019-01-17 00:00:00', '2019-01-17 00:00:00', '2019-01-17 00:00:00', '2019-01-17 00:00:00', '2019-01-17 00:00:00', '2019-01-17 07:21:03', 'admin', '2019-01-17 07:21:03', 'admin'),
(13, 4, 'C', '2019-01-17 00:00:00', '2019-01-17 00:00:00', '2019-01-17 00:00:00', '2019-01-17 00:00:00', '2019-01-17 00:00:00', '2019-01-17 00:00:00', '2019-01-17 07:21:03', 'admin', '2019-01-17 07:21:03', 'admin'),
(16, 6, 'C', '2019-01-01 00:00:00', '1970-01-01 00:00:00', '2019-01-01 00:00:00', '2019-01-01 00:00:00', '2019-07-02 00:00:00', '2019-01-01 00:00:00', '2019-01-17 09:04:29', 'admin', '2019-01-17 09:04:29', 'admin'),
(17, 6, 'C', '2019-01-01 00:00:00', '2019-01-01 00:00:00', '2019-01-01 00:00:00', '2019-01-01 00:00:00', '1970-01-01 00:00:00', '2019-01-01 00:00:00', '2019-01-17 09:04:29', 'admin', '2019-01-17 09:04:29', 'admin');

-- --------------------------------------------------------

--
-- Table structure for table `project_setup`
--

CREATE TABLE `project_setup` (
  `id` int(255) NOT NULL,
  `project_name` varchar(255) NOT NULL,
  `project_code` varchar(255) NOT NULL,
  `dev_name` varchar(255) NOT NULL,
  `dev_contact` varchar(255) NOT NULL,
  `pro_company_name` varchar(255) NOT NULL,
  `pro_company_contact` varchar(255) NOT NULL,
  `main_company_name` varchar(255) NOT NULL,
  `main_company_contact` varchar(255) NOT NULL,
  `architect_name` varchar(255) NOT NULL,
  `architect_contact` varchar(255) NOT NULL,
  `designer_name` varchar(255) NOT NULL,
  `designer_contact` varchar(255) NOT NULL,
  `sales_team` varchar(255) NOT NULL,
  `project_unit` varchar(255) NOT NULL,
  `loa_date` datetime NOT NULL,
  `dlp_date` datetime NOT NULL,
  `lad_amount` varchar(255) NOT NULL,
  `target_completion_date` datetime NOT NULL,
  `work_inprogress` varchar(255) NOT NULL,
  `remarks` varchar(255) NOT NULL,
  `create_date` datetime NOT NULL,
  `create_by` varchar(255) NOT NULL,
  `update_date` datetime NOT NULL,
  `update_by` varchar(255) NOT NULL
) ENGINE=InnoDB DEFAULT CHARSET=utf8;

--
-- Dumping data for table `project_setup`
--

INSERT INTO `project_setup` (`id`, `project_name`, `project_code`, `dev_name`, `dev_contact`, `pro_company_name`, `pro_company_contact`, `main_company_name`, `main_company_contact`, `architect_name`, `architect_contact`, `designer_name`, `designer_contact`, `sales_team`, `project_unit`, `loa_date`, `dlp_date`, `lad_amount`, `target_completion_date`, `work_inprogress`, `remarks`, `create_date`, `create_by`, `update_date`, `update_by`) VALUES
(1, 'Alif Condominium', 'qwe', 'qwe', '123', 'qwe', '123', 'qwe', '123', 'qwe', '123', 'qwe', '123', 'qwe', 'qwe', '2019-01-01 00:00:00', '2019-01-01 00:00:00', 'qwe', '2019-01-01 00:00:00', 'qwe', 'qweqwe123123', '2019-01-16 09:22:30', 'admin', '0000-00-00 00:00:00', 'admin'),
(2, 'Apartment Baru', 'A', 'A', '12', 'A', '12', 'A', '12', 'A', '12', 'A', '12', 'A', 'A', '1970-01-01 00:00:00', '1970-01-01 00:00:00', 'A', '1970-01-01 00:00:00', 'A', 'A', '2019-01-02 00:00:00', 'admin', '2019-01-17 02:18:19', 'admin'),
(3, 'Bangunan Al Azhar', 'B', 'B', '1', 'B', '1', 'B', '1', 'B', '1', 'B', '1', 'B', 'B', '2019-01-01 00:00:00', '2019-01-01 00:00:00', 'B', '2019-01-01 00:00:00', 'B', '1', '2019-01-01 00:00:00', 'admin', '2019-01-17 07:18:52', 'admin'),
(4, 'Apartment Qiqi', 'C', 'C', '123', 'C', '123', 'C', '123', 'C', '123', 'C', '123', 'C', 'C', '2019-01-17 00:00:00', '2019-01-17 00:00:00', '123', '2019-01-17 00:00:00', 'qwe', 'A', '2019-01-17 00:00:00', 'admin', '2019-01-17 07:21:03', 'admin'),
(5, 'Alif Condominium', 'D', 'D', 'D', 'D', 'D', 'D', 'D', 'D', 'D', 'D', 'D', 'D', 'D', '2019-01-24 00:00:00', '2019-01-24 00:00:00', 'D', '2019-01-30 00:00:00', 'D', '1', '2019-01-22 00:00:00', 'admin', '2019-01-17 02:43:11', 'admin'),
(6, 'Apartment Qiqi', 'C', 'C', '123', 'C', '123', 'C', '123', 'C', '123', 'C', '123', 'C', 'C', '2019-01-16 00:00:00', '2019-01-01 00:00:00', '123', '2019-01-01 00:00:00', 'qwe', 'A', '2019-01-01 00:00:00', 'admin', '2019-01-17 09:04:28', 'admin');

-- --------------------------------------------------------

--
-- Table structure for table `project_site_management`
--

CREATE TABLE `project_site_management` (
  `id` int(11) NOT NULL,
  `project_id` int(11) NOT NULL COMMENT 'tbl project_setup id',
  `management_position` varchar(255) NOT NULL,
  `management_id` int(255) NOT NULL COMMENT 'tbl user id',
  `create_date` datetime NOT NULL,
  `create_by` varchar(255) NOT NULL,
  `update_date` datetime NOT NULL,
  `update_by` varchar(255) NOT NULL
) ENGINE=InnoDB DEFAULT CHARSET=utf8;

--
-- Dumping data for table `project_site_management`
--

INSERT INTO `project_site_management` (`id`, `project_id`, `management_position`, `management_id`, `create_date`, `create_by`, `update_date`, `update_by`) VALUES
(1, 1, 'manager', 0, '2019-01-16 09:22:30', 'admin', '0000-00-00 00:00:00', 'admin'),
(2, 2, 'manager', 2, '2019-01-17 02:18:19', 'admin', '2019-01-17 02:18:19', 'admin'),
(5, 5, 'engineer', 2, '2019-01-17 02:43:11', 'admin', '2019-01-17 02:43:11', 'admin'),
(7, 3, 'manager', 2, '2019-01-17 07:18:52', 'admin', '2019-01-17 07:18:52', 'admin'),
(8, 4, 'designer', 2, '2019-01-17 07:21:03', 'admin', '2019-01-17 07:21:03', 'admin'),
(10, 6, 'designer', 2, '2019-01-17 09:04:29', 'admin', '2019-01-17 09:04:29', 'admin');

-- --------------------------------------------------------

--
-- Table structure for table `role`
--

CREATE TABLE `role` (
  `id` int(255) NOT NULL,
  `role_name` varchar(255) NOT NULL,
  `active` int(255) NOT NULL COMMENT '1-active 0-not',
  `create_by` varchar(255) NOT NULL,
  `create_date` datetime NOT NULL,
  `update_by` varchar(255) NOT NULL,
  `update_date` datetime NOT NULL
) ENGINE=InnoDB DEFAULT CHARSET=utf8;

--
-- Dumping data for table `role`
--

INSERT INTO `role` (`id`, `role_name`, `active`, `create_by`, `create_date`, `update_by`, `update_date`) VALUES
(1, 'Role 1', 1, 'admin@gmail.com', '2019-01-08 10:04:48', 'admin@gmail.com', '2019-01-08 10:04:48'),
(2, 'Role 2', 1, 'admin@gmail.com', '2019-01-08 10:05:43', 'admin', '2019-01-09 13:48:47'),
(3, 'Role 3', 1, 'admin@gmail.com', '2019-01-08 10:06:25', 'admin@gmail.com', '2019-01-09 05:12:20'),
(4, 'Role 4', 1, 'admin@gmail.com', '2019-01-09 08:58:22', 'admin@gmail.com', '2019-01-09 02:15:58'),
(5, 'Role 5', 1, 'admin', '2019-01-09 14:02:21', 'admin', '2019-11-11 04:41:01');

-- --------------------------------------------------------

--
-- Table structure for table `role_page_access`
--

CREATE TABLE `role_page_access` (
  `id` int(255) NOT NULL,
  `page_name` varchar(255) NOT NULL COMMENT 'where user can access',
  `create_by` varchar(255) NOT NULL,
  `create_date` datetime NOT NULL,
  `update_by` varchar(255) NOT NULL,
  `update_date` datetime NOT NULL
) ENGINE=InnoDB DEFAULT CHARSET=utf8;

--
-- Dumping data for table `role_page_access`
--

INSERT INTO `role_page_access` (`id`, `page_name`, `create_by`, `create_date`, `update_by`, `update_date`) VALUES
(1, 'User Setup', '', '2019-01-07 00:00:00', '', '2019-01-07 00:00:00'),
(2, 'Team Setup', '', '2019-01-07 00:00:00', '', '2019-01-07 00:00:00'),
(3, 'Role Setup', '', '2019-01-07 00:00:00', '', '2019-01-07 00:00:00'),
(4, 'Project Setup', '', '2019-01-07 00:00:00', '', '2019-01-07 00:00:00'),
(5, 'Global Setting', '', '2019-01-07 00:00:00', '', '2019-01-07 00:00:00'),
(6, 'Building Graph', '', '2019-01-07 00:00:00', '', '0000-00-00 00:00:00'),
(7, 'BQ', '', '2019-01-07 00:00:00', '', '2019-01-07 00:00:00'),
(8, 'Progress Claim', '', '2019-01-08 00:00:00', '', '2019-01-08 00:00:00'),
(9, 'Subcont BQ', '', '2019-01-08 00:00:00', '', '2019-01-08 00:00:00'),
(10, 'IPC', '', '2019-01-08 00:00:00', '', '2019-01-08 00:00:00'),
(11, 'Subcont (+installer)', '', '0000-00-00 00:00:00', '', '0000-00-00 00:00:00');

-- --------------------------------------------------------

--
-- Table structure for table `role_privilege`
--

CREATE TABLE `role_privilege` (
  `id` int(255) NOT NULL,
  `role_id` int(255) NOT NULL COMMENT 'tbl role id',
  `page_access_id` int(255) NOT NULL COMMENT 'tbl role_page_access id',
  `view_only` int(255) NOT NULL,
  `add_only` int(255) NOT NULL,
  `edit_only` int(255) NOT NULL,
  `delete_only` int(255) NOT NULL,
  `create_by` varchar(255) NOT NULL,
  `create_date` datetime NOT NULL,
  `update_by` varchar(255) NOT NULL,
  `update_date` datetime NOT NULL
) ENGINE=InnoDB DEFAULT CHARSET=utf8;

--
-- Dumping data for table `role_privilege`
--

INSERT INTO `role_privilege` (`id`, `role_id`, `page_access_id`, `view_only`, `add_only`, `edit_only`, `delete_only`, `create_by`, `create_date`, `update_by`, `update_date`) VALUES
(1, 1, 1, 1, 0, 0, 0, 'admin@gmail.com', '2019-01-08 10:04:48', 'admin@gmail.com', '2019-01-08 10:04:48'),
(2, 1, 2, 1, 0, 0, 0, 'admin@gmail.com', '2019-01-08 10:04:48', 'admin@gmail.com', '2019-01-08 10:04:48'),
(3, 1, 3, 1, 0, 0, 0, 'admin@gmail.com', '2019-01-08 10:04:48', 'admin@gmail.com', '2019-01-08 10:04:48'),
(4, 1, 4, 1, 0, 0, 0, 'admin@gmail.com', '2019-01-08 10:04:48', 'admin@gmail.com', '2019-01-08 10:04:48'),
(5, 1, 5, 1, 0, 0, 0, 'admin@gmail.com', '2019-01-08 10:04:48', 'admin@gmail.com', '2019-01-08 10:04:48'),
(6, 1, 6, 1, 0, 0, 0, 'admin@gmail.com', '2019-01-08 10:04:48', 'admin@gmail.com', '2019-01-08 10:04:48'),
(7, 1, 7, 1, 0, 0, 0, 'admin@gmail.com', '2019-01-08 10:04:48', 'admin@gmail.com', '2019-01-08 10:04:48'),
(8, 1, 8, 1, 0, 0, 0, 'admin@gmail.com', '2019-01-08 10:04:48', 'admin@gmail.com', '2019-01-08 10:04:48'),
(9, 1, 9, 0, 0, 0, 0, 'admin@gmail.com', '2019-01-08 10:04:48', 'admin@gmail.com', '2019-01-08 10:04:48'),
(10, 1, 10, 0, 0, 0, 0, 'admin@gmail.com', '2019-01-08 10:04:48', 'admin@gmail.com', '2019-01-08 10:04:48'),
(11, 2, 1, 1, 1, 0, 0, 'admin', '2019-01-09 13:48:47', 'admin', '2019-01-09 13:48:47'),
(12, 2, 2, 1, 1, 0, 0, 'admin', '2019-01-09 13:48:47', 'admin', '2019-01-09 13:48:47'),
(13, 2, 3, 1, 1, 0, 0, 'admin', '2019-01-09 13:48:47', 'admin', '2019-01-09 13:48:47'),
(14, 2, 4, 1, 1, 0, 0, 'admin', '2019-01-09 13:48:47', 'admin', '2019-01-09 13:48:47'),
(15, 2, 5, 1, 1, 0, 0, 'admin', '2019-01-09 13:48:47', 'admin', '2019-01-09 13:48:47'),
(16, 2, 6, 1, 1, 0, 0, 'admin', '2019-01-09 13:48:47', 'admin', '2019-01-09 13:48:47'),
(17, 2, 7, 1, 1, 0, 0, 'admin', '2019-01-09 13:48:47', 'admin', '2019-01-09 13:48:47'),
(18, 2, 8, 1, 1, 0, 0, 'admin', '2019-01-09 13:48:47', 'admin', '2019-01-09 13:48:47'),
(19, 2, 9, 1, 1, 0, 0, 'admin', '2019-01-09 13:48:47', 'admin', '2019-01-09 13:48:47'),
(20, 2, 10, 1, 1, 0, 0, 'admin', '2019-01-09 13:48:47', 'admin', '2019-01-09 13:48:47'),
(21, 3, 1, 1, 1, 1, 0, 'admin@gmail.com', '2019-01-09 05:12:20', 'admin@gmail.com', '2019-01-09 05:12:20'),
(22, 3, 2, 1, 1, 1, 0, 'admin@gmail.com', '2019-01-09 05:12:20', 'admin@gmail.com', '2019-01-09 05:12:20'),
(23, 3, 3, 1, 0, 0, 0, 'admin@gmail.com', '2019-01-09 05:12:20', 'admin@gmail.com', '2019-01-09 05:12:20'),
(24, 3, 4, 1, 1, 1, 0, 'admin@gmail.com', '2019-01-09 05:12:20', 'admin@gmail.com', '2019-01-09 05:12:20'),
(25, 3, 5, 0, 1, 1, 0, 'admin@gmail.com', '2019-01-09 05:12:20', 'admin@gmail.com', '2019-01-09 05:12:20'),
(26, 3, 6, 1, 0, 1, 0, 'admin@gmail.com', '2019-01-09 05:12:20', 'admin@gmail.com', '2019-01-09 05:12:20'),
(27, 3, 7, 1, 0, 1, 0, 'admin@gmail.com', '2019-01-09 05:12:20', 'admin@gmail.com', '2019-01-09 05:12:20'),
(28, 3, 8, 1, 0, 1, 0, 'admin@gmail.com', '2019-01-09 05:12:20', 'admin@gmail.com', '2019-01-09 05:12:20'),
(29, 3, 9, 0, 1, 1, 0, 'admin@gmail.com', '2019-01-09 05:12:20', 'admin@gmail.com', '2019-01-09 05:12:20'),
(30, 3, 10, 0, 1, 1, 0, 'admin@gmail.com', '2019-01-09 05:12:20', 'admin@gmail.com', '2019-01-09 05:12:20'),
(31, 4, 1, 1, 0, 0, 0, 'admin@gmail.com', '2019-01-09 02:15:58', 'admin@gmail.com', '2019-01-09 02:15:58'),
(32, 4, 2, 0, 0, 0, 0, 'admin@gmail.com', '2019-01-09 02:15:58', 'admin@gmail.com', '2019-01-09 02:15:58'),
(33, 4, 3, 0, 0, 0, 0, 'admin@gmail.com', '2019-01-09 02:15:58', 'admin@gmail.com', '2019-01-09 02:15:58'),
(34, 4, 4, 0, 0, 0, 0, 'admin@gmail.com', '2019-01-09 02:15:58', 'admin@gmail.com', '2019-01-09 02:15:58'),
(35, 4, 5, 0, 0, 0, 0, 'admin@gmail.com', '2019-01-09 02:15:58', 'admin@gmail.com', '2019-01-09 02:15:58'),
(36, 4, 6, 0, 0, 0, 0, 'admin@gmail.com', '2019-01-09 02:15:58', 'admin@gmail.com', '2019-01-09 02:15:58'),
(37, 4, 7, 0, 0, 0, 0, 'admin@gmail.com', '2019-01-09 02:15:58', 'admin@gmail.com', '2019-01-09 02:15:58'),
(38, 4, 8, 0, 0, 0, 0, 'admin@gmail.com', '2019-01-09 02:15:58', 'admin@gmail.com', '2019-01-09 02:15:58'),
(39, 4, 9, 0, 0, 0, 0, 'admin@gmail.com', '2019-01-09 02:15:58', 'admin@gmail.com', '2019-01-09 02:15:58'),
(40, 4, 10, 0, 0, 0, 0, 'admin@gmail.com', '2019-01-09 02:15:58', 'admin@gmail.com', '2019-01-09 02:15:58'),
(41, 2, 11, 0, 1, 0, 0, 'admin', '2019-01-09 13:48:47', 'admin', '2019-01-09 13:48:47'),
(42, 5, 1, 1, 0, 0, 1, 'admin', '2019-11-11 04:41:01', 'admin', '2019-11-11 04:41:01'),
(43, 5, 2, 1, 0, 0, 0, 'admin', '2019-11-11 04:41:01', 'admin', '2019-11-11 04:41:01'),
(44, 5, 3, 1, 0, 0, 1, 'admin', '2019-11-11 04:41:01', 'admin', '2019-11-11 04:41:01'),
(45, 5, 4, 1, 0, 1, 0, 'admin', '2019-11-11 04:41:01', 'admin', '2019-11-11 04:41:01'),
(46, 5, 5, 1, 0, 0, 1, 'admin', '2019-11-11 04:41:01', 'admin', '2019-11-11 04:41:01'),
(47, 5, 6, 0, 0, 0, 0, 'admin', '2019-11-11 04:41:01', 'admin', '2019-11-11 04:41:01'),
(48, 5, 7, 0, 0, 0, 1, 'admin', '2019-11-11 04:41:01', 'admin', '2019-11-11 04:41:01'),
(49, 5, 8, 0, 0, 1, 0, 'admin', '2019-11-11 04:41:01', 'admin', '2019-11-11 04:41:01'),
(50, 5, 9, 0, 0, 0, 1, 'admin', '2019-11-11 04:41:01', 'admin', '2019-11-11 04:41:01'),
(51, 5, 10, 1, 0, 0, 0, 'admin', '2019-11-11 04:41:01', 'admin', '2019-11-11 04:41:01'),
(52, 5, 11, 1, 0, 1, 0, 'admin', '2019-11-11 04:41:01', 'admin', '2019-11-11 04:41:01');

-- --------------------------------------------------------

--
-- Table structure for table `subcont`
--

CREATE TABLE `subcont` (
  `id` int(255) NOT NULL,
  `sub_code` varchar(255) NOT NULL,
  `sub_name` varchar(255) NOT NULL,
  `sub_type` varchar(255) NOT NULL,
  `company_no` varchar(255) NOT NULL,
  `gst_reg_no` varchar(255) NOT NULL,
  `address` varchar(255) NOT NULL,
  `pic` varchar(255) NOT NULL,
  `phone` varchar(255) NOT NULL,
  `email` varchar(255) NOT NULL,
  `cert_value` varchar(255) NOT NULL,
  `limit_retention` varchar(255) NOT NULL,
  `payment_term` varchar(255) NOT NULL,
  `active` varchar(255) NOT NULL,
  `create_by` varchar(255) NOT NULL,
  `create_date` datetime NOT NULL,
  `update_by` varchar(255) NOT NULL,
  `update_date` datetime NOT NULL
) ENGINE=InnoDB DEFAULT CHARSET=utf8;

--
-- Dumping data for table `subcont`
--

INSERT INTO `subcont` (`id`, `sub_code`, `sub_name`, `sub_type`, `company_no`, `gst_reg_no`, `address`, `pic`, `phone`, `email`, `cert_value`, `limit_retention`, `payment_term`, `active`, `create_by`, `create_date`, `update_by`, `update_date`) VALUES
(1, 'NJ0012', 'NusaJaya SDN BHD', 'Ducting Work', '1234587866', 'AS12345', 'Selangor', 'Habibul Haiqal', '0149898869', 'izzuddin@gmail.com', '12', '2 Years', 'no', '1', 'admin@gmail.com', '2019-01-04 09:22:10', 'admin', '2019-01-09 14:07:45'),
(2, 'ID0013', 'Infra Desa Berhad', 'Installer', '33564787878', 'QE2345', 'Johor Bharu', 'Bhaihaqi Kaizan', '0137484848', 'izzuddinbanan1995@gmail.com', '15', '3 Years', 'cash', '1', 'admin@gmail.com', '2019-01-04 09:29:16', 'admin', '2019-01-09 14:07:06'),
(3, 'HJ0009', 'Hang Jebat Corp', 'Ducting Work', '0136231278', 'GST 1004-9039 P', 'Negeri Sembilan', 'Hang Tuah', '0176689989', 'hangtuah@gmail.com', '12', '30', 'cash', '1', 'admin', '2019-01-09 14:06:26', 'admin', '2019-01-09 14:06:26');

-- --------------------------------------------------------

--
-- Table structure for table `team_member`
--

CREATE TABLE `team_member` (
  `id` int(255) NOT NULL,
  `team_id` int(255) NOT NULL COMMENT 'tbl team_setting id',
  `team_member` varchar(255) NOT NULL COMMENT 'tbl user id',
  `create_by` varchar(255) NOT NULL,
  `create_date` datetime NOT NULL,
  `update_by` varchar(255) NOT NULL,
  `update_date` datetime NOT NULL
) ENGINE=InnoDB DEFAULT CHARSET=utf8;

--
-- Dumping data for table `team_member`
--

INSERT INTO `team_member` (`id`, `team_id`, `team_member`, `create_by`, `create_date`, `update_by`, `update_date`) VALUES
(1, 1, '3', 'admin', '2019-01-14 09:24:46', 'admin', '2019-01-14 09:24:46'),
(2, 1, '4', 'admin', '2019-01-14 09:24:46', 'admin', '2019-01-14 09:24:46'),
(3, 1, '5', 'admin', '2019-01-14 09:24:46', 'admin', '2019-01-14 09:24:46'),
(4, 0, '6', 'admin', '2019-01-14 09:24:46', 'admin', '2019-01-14 09:24:46'),
(5, 1, '7', '', '0000-00-00 00:00:00', '', '0000-00-00 00:00:00');

-- --------------------------------------------------------

--
-- Table structure for table `team_setting`
--

CREATE TABLE `team_setting` (
  `id` int(255) NOT NULL,
  `team_name` varchar(255) NOT NULL,
  `team_leader` int(255) NOT NULL COMMENT 'tbl user id',
  `team_email` varchar(255) NOT NULL,
  `active` int(255) NOT NULL COMMENT '1-active 0-not',
  `create_by` varchar(255) NOT NULL,
  `create_date` datetime NOT NULL,
  `update_by` varchar(255) NOT NULL,
  `update_date` datetime NOT NULL
) ENGINE=InnoDB DEFAULT CHARSET=utf8;

--
-- Dumping data for table `team_setting`
--

INSERT INTO `team_setting` (`id`, `team_name`, `team_leader`, `team_email`, `active`, `create_by`, `create_date`, `update_by`, `update_date`) VALUES
(1, 'team 1', 2, 'team_1@gmail.com', 1, 'admin', '2019-01-14 09:24:46', 'admin', '2019-01-14 09:24:46');

-- --------------------------------------------------------

--
-- Table structure for table `user`
--

CREATE TABLE `user` (
  `id` int(255) NOT NULL,
  `username` varchar(255) NOT NULL,
  `password` varchar(255) NOT NULL,
  `email` varchar(255) NOT NULL,
  `contact` varchar(255) NOT NULL,
  `team` varchar(255) NOT NULL,
  `role` varchar(255) NOT NULL,
  `last_login` datetime NOT NULL,
  `active` int(10) NOT NULL COMMENT '1-active 0-deactive',
  `create_by` varchar(255) NOT NULL,
  `create_date` datetime NOT NULL,
  `update_by` varchar(255) NOT NULL,
  `update_date` datetime NOT NULL
) ENGINE=InnoDB DEFAULT CHARSET=utf8;

--
-- Dumping data for table `user`
--

INSERT INTO `user` (`id`, `username`, `password`, `email`, `contact`, `team`, `role`, `last_login`, `active`, `create_by`, `create_date`, `update_by`, `update_date`) VALUES
(1, 'admin', '4297f44b13955235245b2497399d7a93', 'admin', '', '', '', '2019-12-19 12:17:57', 1, 'admin@gmail.com', '2019-01-03 04:52:48', 'admin@gmail.com', '2019-01-03 04:52:48'),
(2, 'abu kassim', '4297f44b13955235245b2497399d7a93', 'abu@gmail.com', '01145478787', '', '2', '2019-01-09 13:30:06', 1, 'admin@gmail.com', '2019-01-03 05:11:33', 'admin@gmail.com', '2019-01-07 08:02:37'),
(3, 'izzuddin', '4297f44b13955235245b2497399d7a93', 'izzuddin@gmail.com', '0121454578', '2', '3', '2019-11-11 11:42:01', 1, 'admin@gmail.com', '2019-01-03 05:47:54', 'admin@gmail.com', '2019-01-08 10:11:12'),
(4, 'zakiah', '4297f44b13955235245b2497399d7a93', 'zack@gmail.com', '011354487', '1', '1', '0000-00-00 00:00:00', 1, 'admin@gmail.com', '2019-01-03 07:44:50', 'admin@gmail.com', '2019-01-07 07:44:09'),
(5, 'habib', '4297f44b13955235245b2497399d7a93', 'habib@gmail.com', '0108858858', '3', '4', '2019-01-09 09:20:47', 1, 'admin@gmail.com', '2019-01-09 08:56:30', 'admin@gmail.com', '2019-01-09 08:56:45'),
(6, 'Liew Darren', '4297f44b13955235245b2497399d7a93', 'liewdarren@gmail.com', '0136687898', '', '3', '2019-01-09 14:14:05', 1, 'admin', '2019-01-09 13:59:42', 'admin', '2019-11-11 04:40:03'),
(7, 'sadas', '4297f44b13955235245b2497399d7a93', 'izzuddinbanan1995@gmail.com', '231123123', '1', '2', '0000-00-00 00:00:00', 1, 'admin', '2019-12-19 05:20:35', 'admin', '2019-12-19 05:20:51');

--
-- Indexes for dumped tables
--

--
-- Indexes for table `bill_quantity_setup`
--
ALTER TABLE `bill_quantity_setup`
  ADD PRIMARY KEY (`id`);

--
-- Indexes for table `building_graph`
--
ALTER TABLE `building_graph`
  ADD PRIMARY KEY (`id`);

--
-- Indexes for table `building_graph_setting`
--
ALTER TABLE `building_graph_setting`
  ADD PRIMARY KEY (`id`);

--
-- Indexes for table `ci_sessions`
--
ALTER TABLE `ci_sessions`
  ADD PRIMARY KEY (`id`),
  ADD KEY `ci_sessions_timestamp` (`timestamp`);

--
-- Indexes for table `project_completion`
--
ALTER TABLE `project_completion`
  ADD PRIMARY KEY (`id`);

--
-- Indexes for table `project_planned`
--
ALTER TABLE `project_planned`
  ADD PRIMARY KEY (`id`);

--
-- Indexes for table `project_setup`
--
ALTER TABLE `project_setup`
  ADD PRIMARY KEY (`id`);

--
-- Indexes for table `project_site_management`
--
ALTER TABLE `project_site_management`
  ADD PRIMARY KEY (`id`);

--
-- Indexes for table `role`
--
ALTER TABLE `role`
  ADD PRIMARY KEY (`id`);

--
-- Indexes for table `role_page_access`
--
ALTER TABLE `role_page_access`
  ADD PRIMARY KEY (`id`);

--
-- Indexes for table `role_privilege`
--
ALTER TABLE `role_privilege`
  ADD PRIMARY KEY (`id`);

--
-- Indexes for table `subcont`
--
ALTER TABLE `subcont`
  ADD PRIMARY KEY (`id`);

--
-- Indexes for table `team_member`
--
ALTER TABLE `team_member`
  ADD PRIMARY KEY (`id`);

--
-- Indexes for table `team_setting`
--
ALTER TABLE `team_setting`
  ADD PRIMARY KEY (`id`);

--
-- Indexes for table `user`
--
ALTER TABLE `user`
  ADD PRIMARY KEY (`id`);

--
-- AUTO_INCREMENT for dumped tables
--

--
-- AUTO_INCREMENT for table `bill_quantity_setup`
--
ALTER TABLE `bill_quantity_setup`
  MODIFY `id` int(11) NOT NULL AUTO_INCREMENT;

--
-- AUTO_INCREMENT for table `building_graph`
--
ALTER TABLE `building_graph`
  MODIFY `id` int(255) NOT NULL AUTO_INCREMENT, AUTO_INCREMENT=3;

--
-- AUTO_INCREMENT for table `building_graph_setting`
--
ALTER TABLE `building_graph_setting`
  MODIFY `id` int(255) NOT NULL AUTO_INCREMENT, AUTO_INCREMENT=81;

--
-- AUTO_INCREMENT for table `project_completion`
--
ALTER TABLE `project_completion`
  MODIFY `id` int(11) NOT NULL AUTO_INCREMENT, AUTO_INCREMENT=21;

--
-- AUTO_INCREMENT for table `project_planned`
--
ALTER TABLE `project_planned`
  MODIFY `id` int(255) NOT NULL AUTO_INCREMENT, AUTO_INCREMENT=18;

--
-- AUTO_INCREMENT for table `project_setup`
--
ALTER TABLE `project_setup`
  MODIFY `id` int(255) NOT NULL AUTO_INCREMENT, AUTO_INCREMENT=7;

--
-- AUTO_INCREMENT for table `project_site_management`
--
ALTER TABLE `project_site_management`
  MODIFY `id` int(11) NOT NULL AUTO_INCREMENT, AUTO_INCREMENT=11;

--
-- AUTO_INCREMENT for table `role`
--
ALTER TABLE `role`
  MODIFY `id` int(255) NOT NULL AUTO_INCREMENT, AUTO_INCREMENT=6;

--
-- AUTO_INCREMENT for table `role_page_access`
--
ALTER TABLE `role_page_access`
  MODIFY `id` int(255) NOT NULL AUTO_INCREMENT, AUTO_INCREMENT=12;

--
-- AUTO_INCREMENT for table `role_privilege`
--
ALTER TABLE `role_privilege`
  MODIFY `id` int(255) NOT NULL AUTO_INCREMENT, AUTO_INCREMENT=53;

--
-- AUTO_INCREMENT for table `subcont`
--
ALTER TABLE `subcont`
  MODIFY `id` int(255) NOT NULL AUTO_INCREMENT, AUTO_INCREMENT=4;

--
-- AUTO_INCREMENT for table `team_member`
--
ALTER TABLE `team_member`
  MODIFY `id` int(255) NOT NULL AUTO_INCREMENT, AUTO_INCREMENT=6;

--
-- AUTO_INCREMENT for table `team_setting`
--
ALTER TABLE `team_setting`
  MODIFY `id` int(255) NOT NULL AUTO_INCREMENT, AUTO_INCREMENT=2;

--
-- AUTO_INCREMENT for table `user`
--
ALTER TABLE `user`
  MODIFY `id` int(255) NOT NULL AUTO_INCREMENT, AUTO_INCREMENT=8;
COMMIT;

/*!40101 SET CHARACTER_SET_CLIENT=@OLD_CHARACTER_SET_CLIENT */;
/*!40101 SET CHARACTER_SET_RESULTS=@OLD_CHARACTER_SET_RESULTS */;
/*!40101 SET COLLATION_CONNECTION=@OLD_COLLATION_CONNECTION */;
